State,State Code,Year,Year Code,Deaths,Population,Crude Rate,Age Adjusted Rate,% of Total Deaths
Alabama,1,2018,2018,774,4887871,15.83511513,16.58575429,0.002304559
Alabama,1,2019,2019,768,4903185,15.66328825,16.33475154,0.002286694
Alabama,1,2020,2020,1027,4921532,20.86748598,22.28322473,0.003057858
Alabama,1,2021,2021,1406,5039877,27.89750623,29.99652456,0.004186318
Alaska,2,2018,2018,110,737438,14.91650824,14.61130229,0.000327521
Alaska,2,2019,2019,132,731545,18.04400276,17.78743396,0.000393026
Alaska,2,2020,2020,160,731158,21.88309504,21.98711909,0.000476395
Alaska,2,2021,2021,260,732673,35.48649943,35.64035436,0.000774141
Arizona,4,2018,2018,1669,7171646,23.27220278,23.79804463,0.004969392
Arizona,4,2019,2019,1907,7278717,26.19967228,26.81810162,0.005678029
Arizona,4,2020,2020,2550,7421401,34.36008915,35.75030163,0.00759254
Arizona,4,2021,2021,2727,7276316,37.4777566,38.68808455,0.008119551
Arkansas,5,2018,2018,441,3013825,14.63256825,15.62766233,0.001313063
Arkansas,5,2019,2019,386,3017804,12.79075778,13.48878615,0.001149302
Arkansas,5,2020,2020,545,3030522,17.9837005,19.05713788,0.001622719
Arkansas,5,2021,2021,636,3025891,21.01860246,22.25152016,0.001893669
California,6,2018,2018,5343,39557045,13.50707567,12.83031247,0.015908604
California,6,2019,2019,6191,39512223,15.66856919,14.96456537,0.018433495
California,6,2020,2020,8898,39368078,22.60206861,21.80200651,0.026493497
California,6,2021,2021,10891,39237836,27.7563727,26.58372903,0.032427588
Colorado,8,2018,2018,994,5695564,17.45217857,16.77935716,0.002959602
Colorado,8,2019,2019,1074,5758736,18.64992596,17.9063765,0.003197799
Colorado,8,2020,2020,1491,5807719,25.67272969,24.87358645,0.004439403
Colorado,8,2021,2021,1885,5812069,32.43251242,31.3629407,0.005612524
Connecticut,9,2018,2018,1069,3572665,29.92164113,30.65836081,0.003182912
Connecticut,9,2019,2019,1214,3565287,34.0505547,34.65981341,0.003614644
Connecticut,9,2020,2020,1369,3557006,38.48742454,39.04943869,0.004076152
Connecticut,9,2021,2021,1548,3605597,42.93325072,42.16251366,0.004609118
Delaware,10,2018,2018,401,967171,41.46112735,43.83896992,0.001193964
Delaware,10,2019,2019,435,973764,44.67201499,48.01738897,0.001295198
Delaware,10,2020,2020,444,986809,44.99350938,47.25880092,0.001321995
Delaware,10,2021,2021,511,1003384,50.9276608,53.72714275,0.001521485
District of Columbia,11,2018,2018,253,702455,36.01654199,35.28096806,0.000753299
District of Columbia,11,2019,2019,310,705749,43.92496483,43.09045651,0.000923015
District of Columbia,11,2020,2020,423,712816,59.34210231,57.90471075,0.001259468
District of Columbia,11,2021,2021,449,670050,67.00992463,63.46009877,0.001336882
Florida,12,2018,2018,4695,21299325,22.04295207,22.76079266,0.013979205
Florida,12,2019,2019,5262,21477737,24.49978785,25.49986465,0.015667429
Florida,12,2020,2020,7227,21733312,33.25310013,35.01198733,0.021518151
Florida,12,2021,2021,7821,21781128,35.90723125,37.45514206,0.023286766
Georgia,13,2018,2018,1400,10519475,13.30864896,13.2052716,0.004168453
Georgia,13,2019,2019,1404,10617423,13.22354775,13.02908707,0.004180363
Georgia,13,2020,2020,1913,10710017,17.86178304,17.99912707,0.005695893
Georgia,13,2021,2021,2493,10799566,23.08426098,23.42982156,0.007422824
Hawaii,15,2018,2018,213,1420491,14.99481517,14.32504881,0.0006342
Hawaii,15,2019,2019,239,1415872,16.88005695,15.63728846,0.000711615
Hawaii,15,2020,2020,273,1407006,19.40290233,18.23607295,0.000812848
Hawaii,15,2021,2021,269,1441553,18.6604308,17.27342021,0.000800939
Idaho,16,2018,2018,249,1754208,14.19443988,14.56215402,0.000741389
Idaho,16,2019,2019,264,1787065,14.77282584,15.04307882,0.000786051
Idaho,16,2020,2020,286,1826913,15.65482319,15.8526003,0.000851555
Idaho,16,2021,2021,354,1900923,18.62253232,18.95060203,0.001054023
Illinois,17,2018,2018,2713,12741080,21.29332835,21.22192104,0.008077867
Illinois,17,2019,2019,2774,12671821,21.89109205,21.75860422,0.008259492
Illinois,17,2020,2020,3538,12587530,28.10718227,27.97906118,0.010534277
Illinois,17,2021,2021,3739,12671469,29.50723393,28.86354813,0.011132747
Indiana,18,2018,2018,1625,6691878,24.28316834,25.56566748,0.004838383
Indiana,18,2019,2019,1697,6732219,25.20714195,26.60135025,0.005052761
Indiana,18,2020,2020,2318,6754953,34.31556075,36.6317452,0.006901767
Indiana,18,2021,2021,2808,6805985,41.25780471,42.98392195,0.008360726
Iowa,19,2018,2018,285,3156145,9.030003374,9.50363019,0.000848578
Iowa,19,2019,2019,349,3155070,11.06156123,11.41707429,0.001039136
Iowa,19,2020,2020,429,3163561,13.56066787,14.19546984,0.001277333
Iowa,19,2021,2021,475,3193079,14.87592383,15.34831873,0.001414297
Kansas,20,2018,2018,344,2911505,11.81519523,12.36073641,0.001024248
Kansas,20,2019,2019,403,2913314,13.83304374,14.26207461,0.001199919
Kansas,20,2020,2020,490,2913805,16.81649939,17.42999655,0.001458959
Kansas,20,2021,2021,680,2934582,23.1719543,24.30487843,0.002024677
Kentucky,21,2018,2018,1315,4468402,29.42886517,30.85421166,0.003915368
Kentucky,21,2019,2019,1380,4467673,30.88856324,32.51040558,0.004108904
Kentucky,21,2020,2020,2083,4477251,46.52408364,49.17550005,0.006202063
Kentucky,21,2021,2021,2380,4509394,52.7787104,55.59492375,0.00708637
Louisiana,22,2018,2018,1138,4659978,24.42071615,25.38061339,0.003388357
Louisiana,22,2019,2019,1264,4648794,27.18984752,28.26692353,0.003763518
Louisiana,22,2020,2020,1892,4645318,40.72918151,42.57625072,0.005633367
Louisiana,22,2021,2021,2455,4624047,53.09202091,55.70970377,0.00730968
Maine,23,2018,2018,345,1338404,25.77697018,27.94414312,0.001027226
Maine,23,2019,2019,371,1344212,27.59981313,29.91743788,0.00110464
Maine,23,2020,2020,496,1350141,36.73690378,39.70202903,0.001476823
Maine,23,2021,2021,609,1372247,44.37976545,46.85068542,0.001813277
Maryland,24,2018,2018,2320,6042718,38.39331903,37.17101104,0.006907722
Maryland,24,2019,2019,2367,6045680,39.15192336,38.12320314,0.007047663
Maryland,24,2020,2020,2765,6055802,45.65869228,44.44986655,0.008232695
Maryland,24,2021,2021,2734,6165129,44.34619292,42.74801211,0.008140394
Massachusetts,25,2018,2018,2240,6902149,32.45366045,32.74082438,0.006669525
Massachusetts,25,2019,2019,2210,6892503,32.06382355,32.08826308,0.006580201
Massachusetts,25,2020,2020,2300,6893574,33.36440575,33.81837616,0.006848173
Massachusetts,25,2021,2021,2585,6984723,37.00934167,36.77880367,0.007696751
Michigan,26,2018,2018,2589,9995915,25.90058039,26.63606121,0.007708661
Michigan,26,2019,2019,2384,9986857,23.87137415,24.42344662,0.00709828
Michigan,26,2020,2020,2758,9966555,27.67255085,28.60636261,0.008211853
Michigan,26,2021,2021,3087,10050811,30.7139394,31.43109218,0.009191439
Minnesota,27,2018,2018,636,5611179,11.33451633,11.4672811,0.001893669
Minnesota,27,2019,2019,790,5639632,14.0080062,14.203125,0.002352199
Minnesota,27,2020,2020,1050,5657342,18.55995271,19.04284801,0.00312634
Minnesota,27,2021,2021,1355,5707390,23.74114963,24.51523374,0.004034467
Mississippi,28,2018,2018,310,2986530,10.37993926,10.84665582,0.000923015
Mississippi,28,2019,2019,393,2976149,13.20498403,13.59167136,0.001170144
Mississippi,28,2020,2020,584,2966786,19.68460145,21.02986637,0.00173884
Mississippi,28,2021,2021,785,2949965,26.61048521,28.32677617,0.002337311
Missouri,29,2018,2018,1608,6126452,26.24683912,27.42890242,0.004787766
Missouri,29,2019,2019,1570,6137428,25.58074816,26.63840172,0.004674622
Missouri,29,2020,2020,1860,6151548,30.23629174,31.84010251,0.005538088
Missouri,29,2021,2021,2143,6168187,34.74278585,36.29288917,0.006380711
Montana,30,2018,2018,125,1062305,11.76686545,12.16687933,0.000372183
Montana,30,2019,2019,143,1068778,13.37976643,14.11428002,0.000425778
Montana,30,2020,2020,162,1080577,14.99199039,15.57369865,0.00048235
Montana,30,2021,2021,199,1104271,18.0209387,19.48979706,0.000592516
Nebraska,31,2018,2018,138,1929268,7.152972008,7.394492204,0.00041089
Nebraska,31,2019,2019,161,1934408,8.322959789,8.697294216,0.000479372
Nebraska,31,2020,2020,214,1937552,11.04486486,11.29609508,0.000637178
Nebraska,31,2021,2021,213,1963692,10.84691489,11.30462877,0.0006342
Nevada,32,2018,2018,688,3034392,22.67340541,21.17938626,0.002048497
Nevada,32,2019,2019,645,3080156,20.94049782,20.02800651,0.001920466
Nevada,32,2020,2020,831,3138259,26.47965002,25.93848161,0.002474275
Nevada,32,2021,2021,947,3143991,30.12095136,29.10344698,0.002819661
New Hampshire,33,2018,2018,452,1356458,33.32207853,35.79493382,0.001345815
New Hampshire,33,2019,2019,407,1359711,29.93283132,32.0262214,0.001211829
New Hampshire,33,2020,2020,392,1366275,28.69114929,30.19993425,0.001167167
New Hampshire,33,2021,2021,441,1388992,31.74964291,32.33428337,0.001313063
New Jersey,34,2018,2018,2897,8908520,32.51943084,33.07208952,0.008625721
New Jersey,34,2019,2019,2804,8882190,31.56879103,31.70431267,0.008348816
New Jersey,34,2020,2020,2839,8882371,31.96218667,32.0748676,0.008453027
New Jersey,34,2021,2021,3049,9267130,32.90123264,32.32033494,0.009078295
New Mexico,35,2018,2018,535,2095428,25.5317768,26.54897897,0.001592945
New Mexico,35,2019,2019,598,2096829,28.51925455,30.09788227,0.001780525
New Mexico,35,2020,2020,783,2106319,37.17385638,38.99855144,0.002331356
New Mexico,35,2021,2021,1051,2115877,49.67207451,51.56646498,0.003129317
New York,36,2018,2018,3694,19542209,18.9026737,18.40345692,0.010998761
New York,36,2019,2019,3612,19453561,18.5672947,18.21835607,0.010754609
New York,36,2020,2020,4961,19336776,25.65577633,25.36849134,0.014771211
New York,36,2021,2021,5834,19835913,29.4113006,28.70301847,0.01737054
North Carolina,37,2018,2018,2259,10383620,21.75541863,22.37542864,0.006726097
North Carolina,37,2019,2019,2263,10488084,21.57686762,22.24649136,0.006738007
North Carolina,37,2020,2020,3145,10600823,29.66750789,30.89036074,0.009364132
North Carolina,37,2021,2021,3980,10551162,37.72096381,39.14756707,0.011850317
North Dakota,38,2018,2018,70,760077,9.209593239,10.17384054,0.000208423
North Dakota,38,2019,2019,82,762062,10.76027935,11.35885955,0.000244152
North Dakota,38,2020,2020,114,765309,14.89594399,15.55165895,0.000339431
North Dakota,38,2021,2021,124,774948,16.00107362,17.15827562,0.000369206
Ohio,39,2018,2018,3965,11689442,33.91949761,35.80252574,0.011805655
Ohio,39,2019,2019,4236,11689100,36.23888922,38.14208506,0.012612548
Ohio,39,2020,2020,5202,11693217,44.48732971,47.13385048,0.015488781
Ohio,39,2021,2021,5392,11780017,45.7724297,48.05211325,0.0160545
Oklahoma,40,2018,2018,715,3943079,18.13303766,18.35292053,0.002128889
Oklahoma,40,2019,2019,644,3956971,16.27507505,16.64395329,0.001917488
Oklahoma,40,2020,2020,762,3980783,19.14196278,19.4216925,0.00226883
Oklahoma,40,2021,2021,960,3986639,24.08043467,24.44684976,0.002858368
Oregon,41,2018,2018,547,4190713,13.05267147,12.57326058,0.001628674
Oregon,41,2019,2019,615,4217737,14.58127901,13.96835421,0.001831142
Oregon,41,2020,2020,803,4241507,18.93195037,18.67287876,0.002390906
Oregon,41,2021,2021,1171,4246155,27.57789106,26.79492811,0.003486613
Pennsylvania,42,2018,2018,4388,12807060,34.26235217,35.88144778,0.013065123
Pennsylvania,42,2019,2019,4354,12801989,34.01034011,35.42484909,0.012963889
Pennsylvania,42,2020,2020,5103,12783254,39.91941332,41.85573537,0.015194012
Pennsylvania,42,2021,2021,5381,12964056,41.50707155,42.67825041,0.016021747
Rhode Island,44,2018,2018,316,1057315,29.88702515,30.00757914,0.000940879
Rhode Island,44,2019,2019,306,1059361,28.88533748,29.41779577,0.000911105
Rhode Island,44,2020,2020,397,1057125,37.55468842,38.16257689,0.001182054
Rhode Island,44,2021,2021,454,1095610,41.43810298,41.59259521,0.00135177
South Carolina,45,2018,2018,1121,5084127,22.04901648,22.55542912,0.00333774
South Carolina,45,2019,2019,1127,5148714,21.88896101,22.67919691,0.003355605
South Carolina,45,2020,2020,1738,5218040,33.30752543,34.90255407,0.005174837
South Carolina,45,2021,2021,2131,5190705,41.05415353,42.59311495,0.006344981
South Dakota,46,2018,2018,57,882235,6.460863602,6.87664866,0.000169716
South Dakota,46,2019,2019,86,884659,9.72125983,10.47203875,0.000256062
South Dakota,46,2020,2020,82,892717,9.185441747,10.18083353,0.000244152
South Dakota,46,2021,2021,105,895376,11.72691696,12.62829205,0.000312634
Tennessee,47,2018,2018,1822,6770010,26.91281106,27.4606767,0.005424944
Tennessee,47,2019,2019,2089,6829174,30.58935092,31.17860949,0.006219928
Tennessee,47,2020,2020,3034,6886834,44.05507669,45.64345892,0.009033633
Tennessee,47,2021,2021,3813,6975218,54.66495814,56.60113895,0.01135308
Texas,48,2018,2018,2999,28701845,10.44880564,10.41010272,0.008929422
Texas,48,2019,2019,3127,28995881,10.78429036,10.73504466,0.009310538
Texas,48,2020,2020,4162,29360759,14.17538286,14.08466404,0.012392216
Texas,48,2021,2021,4972,29527941,16.83828886,16.72874308,0.014803964
Utah,49,2018,2018,623,3161105,19.70829821,21.14294239,0.001854962
Utah,49,2019,2019,571,3205958,17.81058891,18.94713735,0.001700133
Utah,49,2020,2020,621,3249879,19.10840373,20.48959721,0.001849007
Utah,49,2021,2021,662,3337975,19.83238341,21.13441979,0.001971083
Vermont,50,2018,2018,153,626299,24.4292263,26.64669969,0.000455552
Vermont,50,2019,2019,131,623989,20.99395983,23.33842136,0.000390048
Vermont,50,2020,2020,190,623347,30.48061513,32.88102629,0.000565719
Vermont,50,2021,2021,252,645570,39.03527116,42.33070519,0.000750322
Virginia,51,2018,2018,1448,8517685,16.99992428,17.12479422,0.004311372
Virginia,51,2019,2019,1545,8535519,18.10083253,18.26520868,0.004600186
Virginia,51,2020,2020,2239,8590563,26.06348385,26.54735384,0.006666548
Virginia,51,2021,2021,2625,8642274,30.37395019,30.4412072,0.00781585
Washington,53,2018,2018,1164,7535591,15.44669821,14.77109429,0.003465771
Washington,53,2019,2019,1257,7614893,16.50712623,15.81702325,0.003742675
Washington,53,2020,2020,1729,7693612,22.47318945,21.99873097,0.00514804
Washington,53,2021,2021,2263,7738692,29.24266788,28.11769031,0.006738007
West Virginia,54,2018,2018,855,1805832,47.34659703,51.42925958,0.002545734
West Virginia,54,2019,2019,869,1792147,48.48932593,52.77923837,0.002587418
West Virginia,54,2020,2020,1330,1784787,74.51869607,81.39898542,0.00396003
West Virginia,54,2021,2021,1500,1782959,84.12980893,90.83653225,0.0044662
Wisconsin,55,2018,2018,1075,5813568,18.49122604,19.1298708,0.003200777
Wisconsin,55,2019,2019,1200,5822434,20.60993736,21.12620998,0.00357296
Wisconsin,55,2020,2020,1530,5832655,26.23162179,27.66795774,0.004555524
Wisconsin,55,2021,2021,1772,5895908,30.05474305,31.51193945,0.005276071
Wyoming,56,2018,2018,66,577737,11.42388319,11.09356685,0.000196513
Wyoming,56,2019,2019,79,578759,13.64989573,14.11318274,0.00023522
Wyoming,56,2020,2020,99,582328,17.00072811,17.38109118,0.000294769
Wyoming,56,2021,2021,109,578803,18.83196874,18.91010138,0.000324544
