State,State Code,Year,Year Code,Deaths,Population,Crude Rate
Alabama,1,2008,2008,324,Not Applicable,Not Applicable
Alabama,1,2009,2009,315,Not Applicable,Not Applicable
Alabama,1,2010,2010,278,Not Applicable,Not Applicable
Alabama,1,2011,2011,255,Not Applicable,Not Applicable
Alabama,1,2012,2012,281,Not Applicable,Not Applicable
Alabama,1,2013,2013,317,Not Applicable,Not Applicable
Alabama,1,2014,2014,374,Not Applicable,Not Applicable
Alabama,1,2015,2015,341,Not Applicable,Not Applicable
Alabama,1,2016,2016,400,Not Applicable,Not Applicable
Alabama,1,2017,2017,423,Not Applicable,Not Applicable
Alabama,1,2018,2018,395,Not Applicable,Not Applicable
Alabama,1,2019,2019,422,Not Applicable,Not Applicable
Alabama,1,2020,2020,513,Not Applicable,Not Applicable
Alaska,2,2008,2008,53,Not Applicable,Not Applicable
Alaska,2,2009,2009,58,Not Applicable,Not Applicable
Alaska,2,2010,2010,38,Not Applicable,Not Applicable
Alaska,2,2011,2011,60,Not Applicable,Not Applicable
Alaska,2,2012,2012,66,Not Applicable,Not Applicable
Alaska,2,2013,2013,62,Not Applicable,Not Applicable
Alaska,2,2014,2014,73,Not Applicable,Not Applicable
Alaska,2,2015,2015,84,Not Applicable,Not Applicable
Alaska,2,2016,2016,69,Not Applicable,Not Applicable
Alaska,2,2017,2017,93,Not Applicable,Not Applicable
Alaska,2,2018,2018,77,Not Applicable,Not Applicable
Alaska,2,2019,2019,72,Not Applicable,Not Applicable
Alaska,2,2020,2020,99,Not Applicable,Not Applicable
Arizona,4,2008,2008,427,Not Applicable,Not Applicable
Arizona,4,2009,2009,596,Not Applicable,Not Applicable
Arizona,4,2010,2010,642,Not Applicable,Not Applicable
Arizona,4,2011,2011,596,Not Applicable,Not Applicable
Arizona,4,2012,2012,633,Not Applicable,Not Applicable
Arizona,4,2013,2013,680,Not Applicable,Not Applicable
Arizona,4,2014,2014,654,Not Applicable,Not Applicable
Arizona,4,2015,2015,723,Not Applicable,Not Applicable
Arizona,4,2016,2016,747,Not Applicable,Not Applicable
Arizona,4,2017,2017,867,Not Applicable,Not Applicable
Arizona,4,2018,2018,964,Not Applicable,Not Applicable
Arizona,4,2019,2019,1190,Not Applicable,Not Applicable
Arizona,4,2020,2020,1484,Not Applicable,Not Applicable
Arkansas,5,2008,2008,197,Not Applicable,Not Applicable
Arkansas,5,2009,2009,215,Not Applicable,Not Applicable
Arkansas,5,2010,2010,176,Not Applicable,Not Applicable
Arkansas,5,2011,2011,167,Not Applicable,Not Applicable
Arkansas,5,2012,2012,209,Not Applicable,Not Applicable
Arkansas,5,2013,2013,175,Not Applicable,Not Applicable
Arkansas,5,2014,2014,196,Not Applicable,Not Applicable
Arkansas,5,2015,2015,193,Not Applicable,Not Applicable
Arkansas,5,2016,2016,214,Not Applicable,Not Applicable
Arkansas,5,2017,2017,245,Not Applicable,Not Applicable
Arkansas,5,2018,2018,233,Not Applicable,Not Applicable
Arkansas,5,2019,2019,227,Not Applicable,Not Applicable
Arkansas,5,2020,2020,292,Not Applicable,Not Applicable
California,6,2008,2008,2215,Not Applicable,Not Applicable
California,6,2009,2009,2337,Not Applicable,Not Applicable
California,6,2010,2010,2315,Not Applicable,Not Applicable
California,6,2011,2011,2349,Not Applicable,Not Applicable
California,6,2012,2012,2254,Not Applicable,Not Applicable
California,6,2013,2013,2604,Not Applicable,Not Applicable
California,6,2014,2014,2548,Not Applicable,Not Applicable
California,6,2015,2015,2657,Not Applicable,Not Applicable
California,6,2016,2016,2605,Not Applicable,Not Applicable
California,6,2017,2017,2847,Not Applicable,Not Applicable
California,6,2018,2018,3086,Not Applicable,Not Applicable
California,6,2019,2019,3582,Not Applicable,Not Applicable
California,6,2020,2020,5333,Not Applicable,Not Applicable
Colorado,8,2008,2008,385,Not Applicable,Not Applicable
Colorado,8,2009,2009,417,Not Applicable,Not Applicable
Colorado,8,2010,2010,344,Not Applicable,Not Applicable
Colorado,8,2011,2011,463,Not Applicable,Not Applicable
Colorado,8,2012,2012,440,Not Applicable,Not Applicable
Colorado,8,2013,2013,438,Not Applicable,Not Applicable
Colorado,8,2014,2014,496,Not Applicable,Not Applicable
Colorado,8,2015,2015,470,Not Applicable,Not Applicable
Colorado,8,2016,2016,527,Not Applicable,Not Applicable
Colorado,8,2017,2017,574,Not Applicable,Not Applicable
Colorado,8,2018,2018,565,Not Applicable,Not Applicable
Colorado,8,2019,2019,662,Not Applicable,Not Applicable
Colorado,8,2020,2020,846,Not Applicable,Not Applicable
Connecticut,9,2008,2008,198,Not Applicable,Not Applicable
Connecticut,9,2009,2009,193,Not Applicable,Not Applicable
Connecticut,9,2010,2010,178,Not Applicable,Not Applicable
Connecticut,9,2011,2011,203,Not Applicable,Not Applicable
Connecticut,9,2012,2012,234,Not Applicable,Not Applicable
Connecticut,9,2013,2013,323,Not Applicable,Not Applicable
Connecticut,9,2014,2014,312,Not Applicable,Not Applicable
Connecticut,9,2015,2015,448,Not Applicable,Not Applicable
Connecticut,9,2016,2016,513,Not Applicable,Not Applicable
Connecticut,9,2017,2017,534,Not Applicable,Not Applicable
Connecticut,9,2018,2018,530,Not Applicable,Not Applicable
Connecticut,9,2019,2019,662,Not Applicable,Not Applicable
Connecticut,9,2020,2020,693,Not Applicable,Not Applicable
Delaware,10,2008,2008,73,Not Applicable,Not Applicable
Delaware,10,2009,2009,73,Not Applicable,Not Applicable
Delaware,10,2010,2010,74,Not Applicable,Not Applicable
Delaware,10,2011,2011,79,Not Applicable,Not Applicable
Delaware,10,2012,2012,75,Not Applicable,Not Applicable
Delaware,10,2013,2013,97,Not Applicable,Not Applicable
Delaware,10,2014,2014,93,Not Applicable,Not Applicable
Delaware,10,2015,2015,100,Not Applicable,Not Applicable
Delaware,10,2016,2016,160,Not Applicable,Not Applicable
Delaware,10,2017,2017,183,Not Applicable,Not Applicable
Delaware,10,2018,2018,210,Not Applicable,Not Applicable
Delaware,10,2019,2019,231,Not Applicable,Not Applicable
Delaware,10,2020,2020,194,Not Applicable,Not Applicable
District of Columbia,11,2008,2008,14,Not Applicable,Not Applicable
District of Columbia,11,2009,2009,17,Not Applicable,Not Applicable
District of Columbia,11,2010,2010,38,Not Applicable,Not Applicable
District of Columbia,11,2011,2011,49,Not Applicable,Not Applicable
District of Columbia,11,2012,2012,43,Not Applicable,Not Applicable
District of Columbia,11,2013,2013,58,Not Applicable,Not Applicable
District of Columbia,11,2014,2014,52,Not Applicable,Not Applicable
District of Columbia,11,2015,2015,73,Not Applicable,Not Applicable
District of Columbia,11,2016,2016,164,Not Applicable,Not Applicable
District of Columbia,11,2017,2017,123,Not Applicable,Not Applicable
District of Columbia,11,2018,2018,123,Not Applicable,Not Applicable
District of Columbia,11,2019,2019,181,Not Applicable,Not Applicable
District of Columbia,11,2020,2020,196,Not Applicable,Not Applicable
Florida,12,2008,2008,1524,Not Applicable,Not Applicable
Florida,12,2009,2009,1685,Not Applicable,Not Applicable
Florida,12,2010,2010,1590,Not Applicable,Not Applicable
Florida,12,2011,2011,1556,Not Applicable,Not Applicable
Florida,12,2012,2012,1385,Not Applicable,Not Applicable
Florida,12,2013,2013,1313,Not Applicable,Not Applicable
Florida,12,2014,2014,1481,Not Applicable,Not Applicable
Florida,12,2015,2015,1790,Not Applicable,Not Applicable
Florida,12,2016,2016,2851,Not Applicable,Not Applicable
Florida,12,2017,2017,2641,Not Applicable,Not Applicable
Florida,12,2018,2018,2523,Not Applicable,Not Applicable
Florida,12,2019,2019,2970,Not Applicable,Not Applicable
Florida,12,2020,2020,3709,Not Applicable,Not Applicable
Georgia,13,2008,2008,464,Not Applicable,Not Applicable
Georgia,13,2009,2009,542,Not Applicable,Not Applicable
Georgia,13,2010,2010,547,Not Applicable,Not Applicable
Georgia,13,2011,2011,562,Not Applicable,Not Applicable
Georgia,13,2012,2012,528,Not Applicable,Not Applicable
Georgia,13,2013,2013,540,Not Applicable,Not Applicable
Georgia,13,2014,2014,643,Not Applicable,Not Applicable
Georgia,13,2015,2015,639,Not Applicable,Not Applicable
Georgia,13,2016,2016,758,Not Applicable,Not Applicable
Georgia,13,2017,2017,804,Not Applicable,Not Applicable
Georgia,13,2018,2018,764,Not Applicable,Not Applicable
Georgia,13,2019,2019,737,Not Applicable,Not Applicable
Georgia,13,2020,2020,1015,Not Applicable,Not Applicable
Hawaii,15,2008,2008,72,Not Applicable,Not Applicable
Hawaii,15,2009,2009,79,Not Applicable,Not Applicable
Hawaii,15,2010,2010,82,Not Applicable,Not Applicable
Hawaii,15,2011,2011,91,Not Applicable,Not Applicable
Hawaii,15,2012,2012,72,Not Applicable,Not Applicable
Hawaii,15,2013,2013,84,Not Applicable,Not Applicable
Hawaii,15,2014,2014,80,Not Applicable,Not Applicable
Hawaii,15,2015,2015,105,Not Applicable,Not Applicable
Hawaii,15,2016,2016,114,Not Applicable,Not Applicable
Hawaii,15,2017,2017,133,Not Applicable,Not Applicable
Hawaii,15,2018,2018,111,Not Applicable,Not Applicable
Hawaii,15,2019,2019,136,Not Applicable,Not Applicable
Hawaii,15,2020,2020,154,Not Applicable,Not Applicable
Idaho,16,2008,2008,79,Not Applicable,Not Applicable
Idaho,16,2009,2009,99,Not Applicable,Not Applicable
Idaho,16,2010,2010,93,Not Applicable,Not Applicable
Idaho,16,2011,2011,115,Not Applicable,Not Applicable
Idaho,16,2012,2012,89,Not Applicable,Not Applicable
Idaho,16,2013,2013,114,Not Applicable,Not Applicable
Idaho,16,2014,2014,104,Not Applicable,Not Applicable
Idaho,16,2015,2015,103,Not Applicable,Not Applicable
Idaho,16,2016,2016,126,Not Applicable,Not Applicable
Idaho,16,2017,2017,123,Not Applicable,Not Applicable
Idaho,16,2018,2018,126,Not Applicable,Not Applicable
Idaho,16,2019,2019,133,Not Applicable,Not Applicable
Idaho,16,2020,2020,161,Not Applicable,Not Applicable
Illinois,17,2008,2008,708,Not Applicable,Not Applicable
Illinois,17,2009,2009,745,Not Applicable,Not Applicable
Illinois,17,2010,2010,725,Not Applicable,Not Applicable
Illinois,17,2011,2011,806,Not Applicable,Not Applicable
Illinois,17,2012,2012,886,Not Applicable,Not Applicable
Illinois,17,2013,2013,851,Not Applicable,Not Applicable
Illinois,17,2014,2014,970,Not Applicable,Not Applicable
Illinois,17,2015,2015,1030,Not Applicable,Not Applicable
Illinois,17,2016,2016,1269,Not Applicable,Not Applicable
Illinois,17,2017,2017,1573,Not Applicable,Not Applicable
Illinois,17,2018,2018,1432,Not Applicable,Not Applicable
Illinois,17,2019,2019,1606,Not Applicable,Not Applicable
Illinois,17,2020,2020,1753,Not Applicable,Not Applicable
Indiana,18,2008,2008,437,Not Applicable,Not Applicable
Indiana,18,2009,2009,469,Not Applicable,Not Applicable
Indiana,18,2010,2010,495,Not Applicable,Not Applicable
Indiana,18,2011,2011,539,Not Applicable,Not Applicable
Indiana,18,2012,2012,533,Not Applicable,Not Applicable
Indiana,18,2013,2013,595,Not Applicable,Not Applicable
Indiana,18,2014,2014,664,Not Applicable,Not Applicable
Indiana,18,2015,2015,679,Not Applicable,Not Applicable
Indiana,18,2016,2016,847,Not Applicable,Not Applicable
Indiana,18,2017,2017,980,Not Applicable,Not Applicable
Indiana,18,2018,2018,882,Not Applicable,Not Applicable
Indiana,18,2019,2019,963,Not Applicable,Not Applicable
Indiana,18,2020,2020,1225,Not Applicable,Not Applicable
Iowa,19,2008,2008,118,Not Applicable,Not Applicable
Iowa,19,2009,2009,110,Not Applicable,Not Applicable
Iowa,19,2010,2010,142,Not Applicable,Not Applicable
Iowa,19,2011,2011,146,Not Applicable,Not Applicable
Iowa,19,2012,2012,152,Not Applicable,Not Applicable
Iowa,19,2013,2013,158,Not Applicable,Not Applicable
Iowa,19,2014,2014,161,Not Applicable,Not Applicable
Iowa,19,2015,2015,183,Not Applicable,Not Applicable
Iowa,19,2016,2016,186,Not Applicable,Not Applicable
Iowa,19,2017,2017,180,Not Applicable,Not Applicable
Iowa,19,2018,2018,164,Not Applicable,Not Applicable
Iowa,19,2019,2019,251,Not Applicable,Not Applicable
Iowa,19,2020,2020,249,Not Applicable,Not Applicable
Kansas,20,2008,2008,160,Not Applicable,Not Applicable
Kansas,20,2009,2009,189,Not Applicable,Not Applicable
Kansas,20,2010,2010,153,Not Applicable,Not Applicable
Kansas,20,2011,2011,152,Not Applicable,Not Applicable
Kansas,20,2012,2012,192,Not Applicable,Not Applicable
Kansas,20,2013,2013,177,Not Applicable,Not Applicable
Kansas,20,2014,2014,192,Not Applicable,Not Applicable
Kansas,20,2015,2015,173,Not Applicable,Not Applicable
Kansas,20,2016,2016,177,Not Applicable,Not Applicable
Kansas,20,2017,2017,198,Not Applicable,Not Applicable
Kansas,20,2018,2018,197,Not Applicable,Not Applicable
Kansas,20,2019,2019,212,Not Applicable,Not Applicable
Kansas,20,2020,2020,286,Not Applicable,Not Applicable
Kentucky,21,2008,2008,410,Not Applicable,Not Applicable
Kentucky,21,2009,2009,451,Not Applicable,Not Applicable
Kentucky,21,2010,2010,528,Not Applicable,Not Applicable
Kentucky,21,2011,2011,562,Not Applicable,Not Applicable
Kentucky,21,2012,2012,542,Not Applicable,Not Applicable
Kentucky,21,2013,2013,528,Not Applicable,Not Applicable
Kentucky,21,2014,2014,609,Not Applicable,Not Applicable
Kentucky,21,2015,2015,700,Not Applicable,Not Applicable
Kentucky,21,2016,2016,728,Not Applicable,Not Applicable
Kentucky,21,2017,2017,745,Not Applicable,Not Applicable
Kentucky,21,2018,2018,701,Not Applicable,Not Applicable
Kentucky,21,2019,2019,747,Not Applicable,Not Applicable
Kentucky,21,2020,2020,1120,Not Applicable,Not Applicable
Louisiana,22,2008,2008,322,Not Applicable,Not Applicable
Louisiana,22,2009,2009,331,Not Applicable,Not Applicable
Louisiana,22,2010,2010,312,Not Applicable,Not Applicable
Louisiana,22,2011,2011,342,Not Applicable,Not Applicable
Louisiana,22,2012,2012,356,Not Applicable,Not Applicable
Louisiana,22,2013,2013,458,Not Applicable,Not Applicable
Louisiana,22,2014,2014,420,Not Applicable,Not Applicable
Louisiana,22,2015,2015,480,Not Applicable,Not Applicable
Louisiana,22,2016,2016,557,Not Applicable,Not Applicable
Louisiana,22,2017,2017,655,Not Applicable,Not Applicable
Louisiana,22,2018,2018,598,Not Applicable,Not Applicable
Louisiana,22,2019,2019,771,Not Applicable,Not Applicable
Louisiana,22,2020,2020,1090,Not Applicable,Not Applicable
Maine,23,2008,2008,87,Not Applicable,Not Applicable
Maine,23,2009,2009,79,Not Applicable,Not Applicable
Maine,23,2010,2010,53,Not Applicable,Not Applicable
Maine,23,2011,2011,77,Not Applicable,Not Applicable
Maine,23,2012,2012,92,Not Applicable,Not Applicable
Maine,23,2013,2013,84,Not Applicable,Not Applicable
Maine,23,2014,2014,121,Not Applicable,Not Applicable
Maine,23,2015,2015,144,Not Applicable,Not Applicable
Maine,23,2016,2016,179,Not Applicable,Not Applicable
Maine,23,2017,2017,238,Not Applicable,Not Applicable
Maine,23,2018,2018,172,Not Applicable,Not Applicable
Maine,23,2019,2019,202,Not Applicable,Not Applicable
Maine,23,2020,2020,246,Not Applicable,Not Applicable
Maryland,24,2008,2008,359,Not Applicable,Not Applicable
Maryland,24,2009,2009,429,Not Applicable,Not Applicable
Maryland,24,2010,2010,364,Not Applicable,Not Applicable
Maryland,24,2011,2011,366,Not Applicable,Not Applicable
Maryland,24,2012,2012,444,Not Applicable,Not Applicable
Maryland,24,2013,2013,503,Not Applicable,Not Applicable
Maryland,24,2014,2014,552,Not Applicable,Not Applicable
Maryland,24,2015,2015,686,Not Applicable,Not Applicable
Maryland,24,2016,2016,1106,Not Applicable,Not Applicable
Maryland,24,2017,2017,1118,Not Applicable,Not Applicable
Maryland,24,2018,2018,1071,Not Applicable,Not Applicable
Maryland,24,2019,2019,1213,Not Applicable,Not Applicable
Maryland,24,2020,2020,1477,Not Applicable,Not Applicable
Massachusetts,25,2008,2008,392,Not Applicable,Not Applicable
Massachusetts,25,2009,2009,429,Not Applicable,Not Applicable
Massachusetts,25,2010,2010,394,Not Applicable,Not Applicable
Massachusetts,25,2011,2011,480,Not Applicable,Not Applicable
Massachusetts,25,2012,2012,464,Not Applicable,Not Applicable
Massachusetts,25,2013,2013,555,Not Applicable,Not Applicable
Massachusetts,25,2014,2014,606,Not Applicable,Not Applicable
Massachusetts,25,2015,2015,929,Not Applicable,Not Applicable
Massachusetts,25,2016,2016,1135,Not Applicable,Not Applicable
Massachusetts,25,2017,2017,1170,Not Applicable,Not Applicable
Massachusetts,25,2018,2018,1110,Not Applicable,Not Applicable
Massachusetts,25,2019,2019,1157,Not Applicable,Not Applicable
Massachusetts,25,2020,2020,1160,Not Applicable,Not Applicable
Michigan,26,2008,2008,636,Not Applicable,Not Applicable
Michigan,26,2009,2009,716,Not Applicable,Not Applicable
Michigan,26,2010,2010,778,Not Applicable,Not Applicable
Michigan,26,2011,2011,731,Not Applicable,Not Applicable
Michigan,26,2012,2012,636,Not Applicable,Not Applicable
Michigan,26,2013,2013,812,Not Applicable,Not Applicable
Michigan,26,2014,2014,978,Not Applicable,Not Applicable
Michigan,26,2015,2015,921,Not Applicable,Not Applicable
Michigan,26,2016,2016,1359,Not Applicable,Not Applicable
Michigan,26,2017,2017,1432,Not Applicable,Not Applicable
Michigan,26,2018,2018,1303,Not Applicable,Not Applicable
Michigan,26,2019,2019,1241,Not Applicable,Not Applicable
Michigan,26,2020,2020,1372,Not Applicable,Not Applicable
Minnesota,27,2008,2008,204,Not Applicable,Not Applicable
Minnesota,27,2009,2009,210,Not Applicable,Not Applicable
Minnesota,27,2010,2010,223,Not Applicable,Not Applicable
Minnesota,27,2011,2011,270,Not Applicable,Not Applicable
Minnesota,27,2012,2012,243,Not Applicable,Not Applicable
Minnesota,27,2013,2013,239,Not Applicable,Not Applicable
Minnesota,27,2014,2014,274,Not Applicable,Not Applicable
Minnesota,27,2015,2015,318,Not Applicable,Not Applicable
Minnesota,27,2016,2016,355,Not Applicable,Not Applicable
Minnesota,27,2017,2017,384,Not Applicable,Not Applicable
Minnesota,27,2018,2018,350,Not Applicable,Not Applicable
Minnesota,27,2019,2019,427,Not Applicable,Not Applicable
Minnesota,27,2020,2020,591,Not Applicable,Not Applicable
Mississippi,28,2008,2008,162,Not Applicable,Not Applicable
Mississippi,28,2009,2009,169,Not Applicable,Not Applicable
Mississippi,28,2010,2010,166,Not Applicable,Not Applicable
Mississippi,28,2011,2011,166,Not Applicable,Not Applicable
Mississippi,28,2012,2012,177,Not Applicable,Not Applicable
Mississippi,28,2013,2013,167,Not Applicable,Not Applicable
Mississippi,28,2014,2014,170,Not Applicable,Not Applicable
Mississippi,28,2015,2015,177,Not Applicable,Not Applicable
Mississippi,28,2016,2016,198,Not Applicable,Not Applicable
Mississippi,28,2017,2017,192,Not Applicable,Not Applicable
Mississippi,28,2018,2018,165,Not Applicable,Not Applicable
Mississippi,28,2019,2019,204,Not Applicable,Not Applicable
Mississippi,28,2020,2020,313,Not Applicable,Not Applicable
Missouri,29,2008,2008,403,Not Applicable,Not Applicable
Missouri,29,2009,2009,437,Not Applicable,Not Applicable
Missouri,29,2010,2010,526,Not Applicable,Not Applicable
Missouri,29,2011,2011,517,Not Applicable,Not Applicable
Missouri,29,2012,2012,506,Not Applicable,Not Applicable
Missouri,29,2013,2013,529,Not Applicable,Not Applicable
Missouri,29,2014,2014,536,Not Applicable,Not Applicable
Missouri,29,2015,2015,536,Not Applicable,Not Applicable
Missouri,29,2016,2016,776,Not Applicable,Not Applicable
Missouri,29,2017,2017,786,Not Applicable,Not Applicable
Missouri,29,2018,2018,943,Not Applicable,Not Applicable
Missouri,29,2019,2019,969,Not Applicable,Not Applicable
Missouri,29,2020,2020,1000,Not Applicable,Not Applicable
Montana,30,2008,2008,75,Not Applicable,Not Applicable
Montana,30,2009,2009,66,Not Applicable,Not Applicable
Montana,30,2010,2010,58,Not Applicable,Not Applicable
Montana,30,2011,2011,67,Not Applicable,Not Applicable
Montana,30,2012,2012,59,Not Applicable,Not Applicable
Montana,30,2013,2013,61,Not Applicable,Not Applicable
Montana,30,2014,2014,66,Not Applicable,Not Applicable
Montana,30,2015,2015,69,Not Applicable,Not Applicable
Montana,30,2016,2016,66,Not Applicable,Not Applicable
Montana,30,2017,2017,52,Not Applicable,Not Applicable
Montana,30,2018,2018,63,Not Applicable,Not Applicable
Montana,30,2019,2019,84,Not Applicable,Not Applicable
Montana,30,2020,2020,95,Not Applicable,Not Applicable
Nebraska,31,2008,2008,53,Not Applicable,Not Applicable
Nebraska,31,2009,2009,49,Not Applicable,Not Applicable
Nebraska,31,2010,2010,60,Not Applicable,Not Applicable
Nebraska,31,2011,2011,72,Not Applicable,Not Applicable
Nebraska,31,2012,2012,82,Not Applicable,Not Applicable
Nebraska,31,2013,2013,53,Not Applicable,Not Applicable
Nebraska,31,2014,2014,76,Not Applicable,Not Applicable
Nebraska,31,2015,2015,73,Not Applicable,Not Applicable
Nebraska,31,2016,2016,60,Not Applicable,Not Applicable
Nebraska,31,2017,2017,97,Not Applicable,Not Applicable
Nebraska,31,2018,2018,69,Not Applicable,Not Applicable
Nebraska,31,2019,2019,93,Not Applicable,Not Applicable
Nebraska,31,2020,2020,115,Not Applicable,Not Applicable
Nevada,32,2008,2008,315,Not Applicable,Not Applicable
Nevada,32,2009,2009,309,Not Applicable,Not Applicable
Nevada,32,2010,2010,364,Not Applicable,Not Applicable
Nevada,32,2011,2011,368,Not Applicable,Not Applicable
Nevada,32,2012,2012,356,Not Applicable,Not Applicable
Nevada,32,2013,2013,331,Not Applicable,Not Applicable
Nevada,32,2014,2014,330,Not Applicable,Not Applicable
Nevada,32,2015,2015,386,Not Applicable,Not Applicable
Nevada,32,2016,2016,395,Not Applicable,Not Applicable
Nevada,32,2017,2017,385,Not Applicable,Not Applicable
Nevada,32,2018,2018,423,Not Applicable,Not Applicable
Nevada,32,2019,2019,391,Not Applicable,Not Applicable
Nevada,32,2020,2020,494,Not Applicable,Not Applicable
New Hampshire,33,2008,2008,73,Not Applicable,Not Applicable
New Hampshire,33,2009,2009,80,Not Applicable,Not Applicable
New Hampshire,33,2010,2010,61,Not Applicable,Not Applicable
New Hampshire,33,2011,2011,102,Not Applicable,Not Applicable
New Hampshire,33,2012,2012,96,Not Applicable,Not Applicable
New Hampshire,33,2013,2013,111,Not Applicable,Not Applicable
New Hampshire,33,2014,2014,198,Not Applicable,Not Applicable
New Hampshire,33,2015,2015,208,Not Applicable,Not Applicable
New Hampshire,33,2016,2016,241,Not Applicable,Not Applicable
New Hampshire,33,2017,2017,254,Not Applicable,Not Applicable
New Hampshire,33,2018,2018,247,Not Applicable,Not Applicable
New Hampshire,33,2019,2019,213,Not Applicable,Not Applicable
New Hampshire,33,2020,2020,195,Not Applicable,Not Applicable
New Jersey,34,2008,2008,349,Not Applicable,Not Applicable
New Jersey,34,2009,2009,160,Not Applicable,Not Applicable
New Jersey,34,2010,2010,459,Not Applicable,Not Applicable
New Jersey,34,2011,2011,566,Not Applicable,Not Applicable
New Jersey,34,2012,2012,648,Not Applicable,Not Applicable
New Jersey,34,2013,2013,663,Not Applicable,Not Applicable
New Jersey,34,2014,2014,641,Not Applicable,Not Applicable
New Jersey,34,2015,2015,763,Not Applicable,Not Applicable
New Jersey,34,2016,2016,1121,Not Applicable,Not Applicable
New Jersey,34,2017,2017,1321,Not Applicable,Not Applicable
New Jersey,34,2018,2018,1532,Not Applicable,Not Applicable
New Jersey,34,2019,2019,1576,Not Applicable,Not Applicable
New Jersey,34,2020,2020,1405,Not Applicable,Not Applicable
New Mexico,35,2008,2008,249,Not Applicable,Not Applicable
New Mexico,35,2009,2009,227,Not Applicable,Not Applicable
New Mexico,35,2010,2010,232,Not Applicable,Not Applicable
New Mexico,35,2011,2011,253,Not Applicable,Not Applicable
New Mexico,35,2012,2012,269,Not Applicable,Not Applicable
New Mexico,35,2013,2013,223,Not Applicable,Not Applicable
New Mexico,35,2014,2014,297,Not Applicable,Not Applicable
New Mexico,35,2015,2015,261,Not Applicable,Not Applicable
New Mexico,35,2016,2016,280,Not Applicable,Not Applicable
New Mexico,35,2017,2017,263,Not Applicable,Not Applicable
New Mexico,35,2018,2018,294,Not Applicable,Not Applicable
New Mexico,35,2019,2019,345,Not Applicable,Not Applicable
New Mexico,35,2020,2020,483,Not Applicable,Not Applicable
New York,36,2008,2008,892,Not Applicable,Not Applicable
New York,36,2009,2009,933,Not Applicable,Not Applicable
New York,36,2010,2010,865,Not Applicable,Not Applicable
New York,36,2011,2011,1022,Not Applicable,Not Applicable
New York,36,2012,2012,1190,Not Applicable,Not Applicable
New York,36,2013,2013,1261,Not Applicable,Not Applicable
New York,36,2014,2014,1207,Not Applicable,Not Applicable
New York,36,2015,2015,1506,Not Applicable,Not Applicable
New York,36,2016,2016,1913,Not Applicable,Not Applicable
New York,36,2017,2017,1933,Not Applicable,Not Applicable
New York,36,2018,2018,1914,Not Applicable,Not Applicable
New York,36,2019,2019,1982,Not Applicable,Not Applicable
New York,36,2020,2020,2602,Not Applicable,Not Applicable
North Carolina,37,2008,2008,632,Not Applicable,Not Applicable
North Carolina,37,2009,2009,589,Not Applicable,Not Applicable
North Carolina,37,2010,2010,545,Not Applicable,Not Applicable
North Carolina,37,2011,2011,658,Not Applicable,Not Applicable
North Carolina,37,2012,2012,686,Not Applicable,Not Applicable
North Carolina,37,2013,2013,652,Not Applicable,Not Applicable
North Carolina,37,2014,2014,703,Not Applicable,Not Applicable
North Carolina,37,2015,2015,847,Not Applicable,Not Applicable
North Carolina,37,2016,2016,1000,Not Applicable,Not Applicable
North Carolina,37,2017,2017,1216,Not Applicable,Not Applicable
North Carolina,37,2018,2018,1162,Not Applicable,Not Applicable
North Carolina,37,2019,2019,1117,Not Applicable,Not Applicable
North Carolina,37,2020,2020,1578,Not Applicable,Not Applicable
North Dakota,38,2008,2008,23,Not Applicable,Not Applicable
North Dakota,38,2009,2009,13,Not Applicable,Not Applicable
North Dakota,38,2010,2010,,Not Applicable,Not Applicable
North Dakota,38,2011,2011,10,Not Applicable,Not Applicable
North Dakota,38,2012,2012,11,Not Applicable,Not Applicable
North Dakota,38,2013,2013,19,Not Applicable,Not Applicable
North Dakota,38,2014,2014,21,Not Applicable,Not Applicable
North Dakota,38,2015,2015,25,Not Applicable,Not Applicable
North Dakota,38,2016,2016,43,Not Applicable,Not Applicable
North Dakota,38,2017,2017,35,Not Applicable,Not Applicable
North Dakota,38,2018,2018,42,Not Applicable,Not Applicable
North Dakota,38,2019,2019,49,Not Applicable,Not Applicable
North Dakota,38,2020,2020,59,Not Applicable,Not Applicable
Ohio,39,2008,2008,972,Not Applicable,Not Applicable
Ohio,39,2009,2009,896,Not Applicable,Not Applicable
Ohio,39,2010,2010,1047,Not Applicable,Not Applicable
Ohio,39,2011,2011,1128,Not Applicable,Not Applicable
Ohio,39,2012,2012,1107,Not Applicable,Not Applicable
Ohio,39,2013,2013,1253,Not Applicable,Not Applicable
Ohio,39,2014,2014,1510,Not Applicable,Not Applicable
Ohio,39,2015,2015,1763,Not Applicable,Not Applicable
Ohio,39,2016,2016,2483,Not Applicable,Not Applicable
Ohio,39,2017,2017,2303,Not Applicable,Not Applicable
Ohio,39,2018,2018,2179,Not Applicable,Not Applicable
Ohio,39,2019,2019,2346,Not Applicable,Not Applicable
Ohio,39,2020,2020,2730,Not Applicable,Not Applicable
Oklahoma,40,2008,2008,240,Not Applicable,Not Applicable
Oklahoma,40,2009,2009,383,Not Applicable,Not Applicable
Oklahoma,40,2010,2010,333,Not Applicable,Not Applicable
Oklahoma,40,2011,2011,356,Not Applicable,Not Applicable
Oklahoma,40,2012,2012,406,Not Applicable,Not Applicable
Oklahoma,40,2013,2013,417,Not Applicable,Not Applicable
Oklahoma,40,2014,2014,388,Not Applicable,Not Applicable
Oklahoma,40,2015,2015,399,Not Applicable,Not Applicable
Oklahoma,40,2016,2016,457,Not Applicable,Not Applicable
Oklahoma,40,2017,2017,381,Not Applicable,Not Applicable
Oklahoma,40,2018,2018,366,Not Applicable,Not Applicable
Oklahoma,40,2019,2019,414,Not Applicable,Not Applicable
Oklahoma,40,2020,2020,470,Not Applicable,Not Applicable
Oregon,41,2008,2008,232,Not Applicable,Not Applicable
Oregon,41,2009,2009,259,Not Applicable,Not Applicable
Oregon,41,2010,2010,282,Not Applicable,Not Applicable
Oregon,41,2011,2011,283,Not Applicable,Not Applicable
Oregon,41,2012,2012,265,Not Applicable,Not Applicable
Oregon,41,2013,2013,225,Not Applicable,Not Applicable
Oregon,41,2014,2014,291,Not Applicable,Not Applicable
Oregon,41,2015,2015,286,Not Applicable,Not Applicable
Oregon,41,2016,2016,258,Not Applicable,Not Applicable
Oregon,41,2017,2017,286,Not Applicable,Not Applicable
Oregon,41,2018,2018,283,Not Applicable,Not Applicable
Oregon,41,2019,2019,317,Not Applicable,Not Applicable
Oregon,41,2020,2020,450,Not Applicable,Not Applicable
Pennsylvania,42,2008,2008,965,Not Applicable,Not Applicable
Pennsylvania,42,2009,2009,942,Not Applicable,Not Applicable
Pennsylvania,42,2010,2010,976,Not Applicable,Not Applicable
Pennsylvania,42,2011,2011,1190,Not Applicable,Not Applicable
Pennsylvania,42,2012,2012,1228,Not Applicable,Not Applicable
Pennsylvania,42,2013,2013,1261,Not Applicable,Not Applicable
Pennsylvania,42,2014,2014,1364,Not Applicable,Not Applicable
Pennsylvania,42,2015,2015,1692,Not Applicable,Not Applicable
Pennsylvania,42,2016,2016,2696,Not Applicable,Not Applicable
Pennsylvania,42,2017,2017,2579,Not Applicable,Not Applicable
Pennsylvania,42,2018,2018,2205,Not Applicable,Not Applicable
Pennsylvania,42,2019,2019,2353,Not Applicable,Not Applicable
Pennsylvania,42,2020,2020,2604,Not Applicable,Not Applicable
Rhode Island,44,2008,2008,91,Not Applicable,Not Applicable
Rhode Island,44,2009,2009,99,Not Applicable,Not Applicable
Rhode Island,44,2010,2010,89,Not Applicable,Not Applicable
Rhode Island,44,2011,2011,96,Not Applicable,Not Applicable
Rhode Island,44,2012,2012,98,Not Applicable,Not Applicable
Rhode Island,44,2013,2013,125,Not Applicable,Not Applicable
Rhode Island,44,2014,2014,129,Not Applicable,Not Applicable
Rhode Island,44,2015,2015,147,Not Applicable,Not Applicable
Rhode Island,44,2016,2016,155,Not Applicable,Not Applicable
Rhode Island,44,2017,2017,177,Not Applicable,Not Applicable
Rhode Island,44,2018,2018,166,Not Applicable,Not Applicable
Rhode Island,44,2019,2019,144,Not Applicable,Not Applicable
Rhode Island,44,2020,2020,215,Not Applicable,Not Applicable
South Carolina,45,2008,2008,288,Not Applicable,Not Applicable
South Carolina,45,2009,2009,326,Not Applicable,Not Applicable
South Carolina,45,2010,2010,364,Not Applicable,Not Applicable
South Carolina,45,2011,2011,358,Not Applicable,Not Applicable
South Carolina,45,2012,2012,317,Not Applicable,Not Applicable
South Carolina,45,2013,2013,325,Not Applicable,Not Applicable
South Carolina,45,2014,2014,408,Not Applicable,Not Applicable
South Carolina,45,2015,2015,418,Not Applicable,Not Applicable
South Carolina,45,2016,2016,485,Not Applicable,Not Applicable
South Carolina,45,2017,2017,520,Not Applicable,Not Applicable
South Carolina,45,2018,2018,574,Not Applicable,Not Applicable
South Carolina,45,2019,2019,647,Not Applicable,Not Applicable
South Carolina,45,2020,2020,902,Not Applicable,Not Applicable
South Dakota,46,2008,2008,25,Not Applicable,Not Applicable
South Dakota,46,2009,2009,26,Not Applicable,Not Applicable
South Dakota,46,2010,2010,22,Not Applicable,Not Applicable
South Dakota,46,2011,2011,27,Not Applicable,Not Applicable
South Dakota,46,2012,2012,29,Not Applicable,Not Applicable
South Dakota,46,2013,2013,28,Not Applicable,Not Applicable
South Dakota,46,2014,2014,39,Not Applicable,Not Applicable
South Dakota,46,2015,2015,41,Not Applicable,Not Applicable
South Dakota,46,2016,2016,37,Not Applicable,Not Applicable
South Dakota,46,2017,2017,40,Not Applicable,Not Applicable
South Dakota,46,2018,2018,35,Not Applicable,Not Applicable
South Dakota,46,2019,2019,50,Not Applicable,Not Applicable
South Dakota,46,2020,2020,34,Not Applicable,Not Applicable
Tennessee,47,2008,2008,497,Not Applicable,Not Applicable
Tennessee,47,2009,2009,478,Not Applicable,Not Applicable
Tennessee,47,2010,2010,550,Not Applicable,Not Applicable
Tennessee,47,2011,2011,555,Not Applicable,Not Applicable
Tennessee,47,2012,2012,576,Not Applicable,Not Applicable
Tennessee,47,2013,2013,607,Not Applicable,Not Applicable
Tennessee,47,2014,2014,659,Not Applicable,Not Applicable
Tennessee,47,2015,2015,778,Not Applicable,Not Applicable
Tennessee,47,2016,2016,904,Not Applicable,Not Applicable
Tennessee,47,2017,2017,946,Not Applicable,Not Applicable
Tennessee,47,2018,2018,974,Not Applicable,Not Applicable
Tennessee,47,2019,2019,1166,Not Applicable,Not Applicable
Tennessee,47,2020,2020,1592,Not Applicable,Not Applicable
Texas,48,2008,2008,994,Not Applicable,Not Applicable
Texas,48,2009,2009,1301,Not Applicable,Not Applicable
Texas,48,2010,2010,1323,Not Applicable,Not Applicable
Texas,48,2011,2011,1398,Not Applicable,Not Applicable
Texas,48,2012,2012,1371,Not Applicable,Not Applicable
Texas,48,2013,2013,1310,Not Applicable,Not Applicable
Texas,48,2014,2014,1436,Not Applicable,Not Applicable
Texas,48,2015,2015,1486,Not Applicable,Not Applicable
Texas,48,2016,2016,1629,Not Applicable,Not Applicable
Texas,48,2017,2017,1728,Not Applicable,Not Applicable
Texas,48,2018,2018,1707,Not Applicable,Not Applicable
Texas,48,2019,2019,1892,Not Applicable,Not Applicable
Texas,48,2020,2020,2442,Not Applicable,Not Applicable
Utah,49,2008,2008,257,Not Applicable,Not Applicable
Utah,49,2009,2009,242,Not Applicable,Not Applicable
Utah,49,2010,2010,247,Not Applicable,Not Applicable
Utah,49,2011,2011,282,Not Applicable,Not Applicable
Utah,49,2012,2012,321,Not Applicable,Not Applicable
Utah,49,2013,2013,305,Not Applicable,Not Applicable
Utah,49,2014,2014,314,Not Applicable,Not Applicable
Utah,49,2015,2015,377,Not Applicable,Not Applicable
Utah,49,2016,2016,296,Not Applicable,Not Applicable
Utah,49,2017,2017,345,Not Applicable,Not Applicable
Utah,49,2018,2018,313,Not Applicable,Not Applicable
Utah,49,2019,2019,320,Not Applicable,Not Applicable
Utah,49,2020,2020,361,Not Applicable,Not Applicable
Vermont,50,2008,2008,32,Not Applicable,Not Applicable
Vermont,50,2009,2009,36,Not Applicable,Not Applicable
Vermont,50,2010,2010,37,Not Applicable,Not Applicable
Vermont,50,2011,2011,61,Not Applicable,Not Applicable
Vermont,50,2012,2012,33,Not Applicable,Not Applicable
Vermont,50,2013,2013,47,Not Applicable,Not Applicable
Vermont,50,2014,2014,55,Not Applicable,Not Applicable
Vermont,50,2015,2015,54,Not Applicable,Not Applicable
Vermont,50,2016,2016,72,Not Applicable,Not Applicable
Vermont,50,2017,2017,71,Not Applicable,Not Applicable
Vermont,50,2018,2018,84,Not Applicable,Not Applicable
Vermont,50,2019,2019,79,Not Applicable,Not Applicable
Vermont,50,2020,2020,114,Not Applicable,Not Applicable
Virginia,51,2008,2008,389,Not Applicable,Not Applicable
Virginia,51,2009,2009,343,Not Applicable,Not Applicable
Virginia,51,2010,2010,256,Not Applicable,Not Applicable
Virginia,51,2011,2011,423,Not Applicable,Not Applicable
Virginia,51,2012,2012,402,Not Applicable,Not Applicable
Virginia,51,2013,2013,451,Not Applicable,Not Applicable
Virginia,51,2014,2014,525,Not Applicable,Not Applicable
Virginia,51,2015,2015,557,Not Applicable,Not Applicable
Virginia,51,2016,2016,737,Not Applicable,Not Applicable
Virginia,51,2017,2017,764,Not Applicable,Not Applicable
Virginia,51,2018,2018,782,Not Applicable,Not Applicable
Virginia,51,2019,2019,811,Not Applicable,Not Applicable
Virginia,51,2020,2020,1210,Not Applicable,Not Applicable
Washington,53,2008,2008,514,Not Applicable,Not Applicable
Washington,53,2009,2009,536,Not Applicable,Not Applicable
Washington,53,2010,2010,501,Not Applicable,Not Applicable
Washington,53,2011,2011,492,Not Applicable,Not Applicable
Washington,53,2012,2012,532,Not Applicable,Not Applicable
Washington,53,2013,2013,514,Not Applicable,Not Applicable
Washington,53,2014,2014,515,Not Applicable,Not Applicable
Washington,53,2015,2015,581,Not Applicable,Not Applicable
Washington,53,2016,2016,548,Not Applicable,Not Applicable
Washington,53,2017,2017,675,Not Applicable,Not Applicable
Washington,53,2018,2018,647,Not Applicable,Not Applicable
Washington,53,2019,2019,726,Not Applicable,Not Applicable
Washington,53,2020,2020,919,Not Applicable,Not Applicable
West Virginia,54,2008,2008,241,Not Applicable,Not Applicable
West Virginia,54,2009,2009,170,Not Applicable,Not Applicable
West Virginia,54,2010,2010,295,Not Applicable,Not Applicable
West Virginia,54,2011,2011,351,Not Applicable,Not Applicable
West Virginia,54,2012,2012,317,Not Applicable,Not Applicable
West Virginia,54,2013,2013,333,Not Applicable,Not Applicable
West Virginia,54,2014,2014,373,Not Applicable,Not Applicable
West Virginia,54,2015,2015,425,Not Applicable,Not Applicable
West Virginia,54,2016,2016,506,Not Applicable,Not Applicable
West Virginia,54,2017,2017,488,Not Applicable,Not Applicable
West Virginia,54,2018,2018,462,Not Applicable,Not Applicable
West Virginia,54,2019,2019,525,Not Applicable,Not Applicable
West Virginia,54,2020,2020,749,Not Applicable,Not Applicable
Wisconsin,55,2008,2008,295,Not Applicable,Not Applicable
Wisconsin,55,2009,2009,314,Not Applicable,Not Applicable
Wisconsin,55,2010,2010,330,Not Applicable,Not Applicable
Wisconsin,55,2011,2011,334,Not Applicable,Not Applicable
Wisconsin,55,2012,2012,357,Not Applicable,Not Applicable
Wisconsin,55,2013,2013,419,Not Applicable,Not Applicable
Wisconsin,55,2014,2014,450,Not Applicable,Not Applicable
Wisconsin,55,2015,2015,479,Not Applicable,Not Applicable
Wisconsin,55,2016,2016,579,Not Applicable,Not Applicable
Wisconsin,55,2017,2017,630,Not Applicable,Not Applicable
Wisconsin,55,2018,2018,558,Not Applicable,Not Applicable
Wisconsin,55,2019,2019,650,Not Applicable,Not Applicable
Wisconsin,55,2020,2020,786,Not Applicable,Not Applicable
Wyoming,56,2008,2008,41,Not Applicable,Not Applicable
Wyoming,56,2009,2009,28,Not Applicable,Not Applicable
Wyoming,56,2010,2010,44,Not Applicable,Not Applicable
Wyoming,56,2011,2011,57,Not Applicable,Not Applicable
Wyoming,56,2012,2012,56,Not Applicable,Not Applicable
Wyoming,56,2013,2013,53,Not Applicable,Not Applicable
Wyoming,56,2014,2014,63,Not Applicable,Not Applicable
Wyoming,56,2015,2015,58,Not Applicable,Not Applicable
Wyoming,56,2016,2016,47,Not Applicable,Not Applicable
Wyoming,56,2017,2017,49,Not Applicable,Not Applicable
Wyoming,56,2018,2018,43,Not Applicable,Not Applicable
Wyoming,56,2019,2019,54,Not Applicable,Not Applicable
Wyoming,56,2020,2020,62,Not Applicable,Not Applicable
