ST,Year,half,fentanyl_and_related_substances_seizure_count,carfentanil_seizure_count
AK,1998,1,0,0
AK,1998,2,0,0
AK,1999,1,0,0
AK,1999,2,0,0
AK,2000,1,0,0
AK,2000,2,0,0
AK,2001,1,0,0
AK,2001,2,0,0
AK,2002,1,0,0
AK,2002,2,0,0
AK,2003,1,0,0
AK,2003,2,0,0
AK,2004,1,0,0
AK,2004,2,0,0
AK,2005,1,2,0
AK,2005,2,1,0
AK,2006,1,0,0
AK,2006,2,0,0
AK,2007,1,1,0
AK,2007,2,0,0
AK,2008,1,1,0
AK,2008,2,0,0
AK,2009,1,0,0
AK,2009,2,4,0
AK,2010,1,0,0
AK,2010,2,2,0
AK,2011,1,1,0
AK,2011,2,0,0
AK,2012,1,1,0
AK,2012,2,1,0
AK,2013,1,2,0
AK,2013,2,0,0
AK,2014,1,2,0
AK,2014,2,2,0
AK,2015,1,1,0
AK,2015,2,0,0
AK,2016,1,8,0
AK,2016,2,4,0
AK,2017,1,2,0
AK,2017,2,2,0
AK,2018,1,1,0
AK,2018,2,1,0
AK,2019,1,14,0
AK,2019,2,2,0
AK,2020,1,18,0
AK,2020,2,38,0
AK,2021,1,57,0
AK,2021,2,93,0
AK,2022,1,109,0
AK,2022,2,210,0
AL,1998,1,0,0
AL,1998,2,0,0
AL,1999,1,2,0
AL,1999,2,1,0
AL,2000,1,0,0
AL,2000,2,0,0
AL,2001,1,4,0
AL,2001,2,1,0
AL,2002,1,10,0
AL,2002,2,1,0
AL,2003,1,3,0
AL,2003,2,5,0
AL,2004,1,4,0
AL,2004,2,3,0
AL,2005,1,4,0
AL,2005,2,12,0
AL,2006,1,6,0
AL,2006,2,4,0
AL,2007,1,13,0
AL,2007,2,32,0
AL,2008,1,5,0
AL,2008,2,13,0
AL,2009,1,5,0
AL,2009,2,10,0
AL,2010,1,11,0
AL,2010,2,10,0
AL,2011,1,4,0
AL,2011,2,12,0
AL,2012,1,8,0
AL,2012,2,5,0
AL,2013,1,5,0
AL,2013,2,3,0
AL,2014,1,24,0
AL,2014,2,10,0
AL,2015,1,81,0
AL,2015,2,50,0
AL,2016,1,81,0
AL,2016,2,99,0
AL,2017,1,189,0
AL,2017,2,184,1
AL,2018,1,165,0
AL,2018,2,136,0
AL,2019,1,269,0
AL,2019,2,332,5
AL,2020,1,545,5
AL,2020,2,504,3
AL,2021,1,608,1
AL,2021,2,418,0
AL,2022,1,220,0
AL,2022,2,169,0
AR,1998,1,0,0
AR,1998,2,0,0
AR,1999,1,0,0
AR,1999,2,0,0
AR,2000,1,0,0
AR,2000,2,0,0
AR,2001,1,0,0
AR,2001,2,1,0
AR,2002,1,1,0
AR,2002,2,1,0
AR,2003,1,0,0
AR,2003,2,1,0
AR,2004,1,2,0
AR,2004,2,1,0
AR,2005,1,1,0
AR,2005,2,8,0
AR,2006,1,3,0
AR,2006,2,3,0
AR,2007,1,8,0
AR,2007,2,0,0
AR,2008,1,4,0
AR,2008,2,7,0
AR,2009,1,2,0
AR,2009,2,10,0
AR,2010,1,3,0
AR,2010,2,11,0
AR,2011,1,6,0
AR,2011,2,7,0
AR,2012,1,10,0
AR,2012,2,6,0
AR,2013,1,6,0
AR,2013,2,3,0
AR,2014,1,12,0
AR,2014,2,3,0
AR,2015,1,22,0
AR,2015,2,76,0
AR,2016,1,54,0
AR,2016,2,13,0
AR,2017,1,81,1
AR,2017,2,97,0
AR,2018,1,136,1
AR,2018,2,165,0
AR,2019,1,151,1
AR,2019,2,161,0
AR,2020,1,156,0
AR,2020,2,296,1
AR,2021,1,421,0
AR,2021,2,505,0
AR,2022,1,711,1
AR,2022,2,558,0
AZ,1998,1,0,0
AZ,1998,2,0,0
AZ,1999,1,0,0
AZ,1999,2,0,0
AZ,2000,1,0,0
AZ,2000,2,0,0
AZ,2001,1,0,0
AZ,2001,2,0,0
AZ,2002,1,0,0
AZ,2002,2,0,0
AZ,2003,1,0,0
AZ,2003,2,0,0
AZ,2004,1,0,0
AZ,2004,2,0,0
AZ,2005,1,0,0
AZ,2005,2,0,0
AZ,2006,1,0,0
AZ,2006,2,0,0
AZ,2007,1,3,0
AZ,2007,2,3,0
AZ,2008,1,0,0
AZ,2008,2,1,0
AZ,2009,1,1,0
AZ,2009,2,2,0
AZ,2010,1,0,0
AZ,2010,2,0,0
AZ,2011,1,0,0
AZ,2011,2,2,0
AZ,2012,1,2,0
AZ,2012,2,2,0
AZ,2013,1,2,0
AZ,2013,2,8,0
AZ,2014,1,3,0
AZ,2014,2,3,0
AZ,2015,1,9,0
AZ,2015,2,21,0
AZ,2016,1,41,0
AZ,2016,2,57,0
AZ,2017,1,160,0
AZ,2017,2,255,0
AZ,2018,1,459,0
AZ,2018,2,638,0
AZ,2019,1,1489,0
AZ,2019,2,2036,0
AZ,2020,1,3140,0
AZ,2020,2,5110,0
AZ,2021,1,6798,0
AZ,2021,2,7155,0
AZ,2022,1,8624,0
AZ,2022,2,8691,0
CA,1998,1,0,0
CA,1998,2,0,0
CA,1999,1,0,0
CA,1999,2,6,0
CA,2000,1,0,0
CA,2000,2,6,0
CA,2001,1,0,0
CA,2001,2,0,0
CA,2002,1,0,0
CA,2002,2,1,0
CA,2003,1,4,0
CA,2003,2,2,0
CA,2004,1,8,0
CA,2004,2,0,0
CA,2005,1,16,0
CA,2005,2,36,0
CA,2006,1,10,0
CA,2006,2,13,0
CA,2007,1,13,0
CA,2007,2,17,0
CA,2008,1,14,0
CA,2008,2,12,0
CA,2009,1,6,0
CA,2009,2,14,0
CA,2010,1,8,0
CA,2010,2,12,0
CA,2011,1,5,0
CA,2011,2,9,0
CA,2012,1,10,0
CA,2012,2,6,0
CA,2013,1,15,0
CA,2013,2,23,0
CA,2014,1,38,0
CA,2014,2,21,0
CA,2015,1,80,0
CA,2015,2,67,0
CA,2016,1,188,0
CA,2016,2,141,0
CA,2017,1,328,4
CA,2017,2,512,3
CA,2018,1,715,3
CA,2018,2,947,5
CA,2019,1,1343,1
CA,2019,2,2084,3
CA,2020,1,2601,2
CA,2020,2,4038,0
CA,2021,1,5204,0
CA,2021,2,5676,0
CA,2022,1,6235,0
CA,2022,2,6479,0
CO,1998,1,0,0
CO,1998,2,0,0
CO,1999,1,0,0
CO,1999,2,0,0
CO,2000,1,0,0
CO,2000,2,0,0
CO,2001,1,0,0
CO,2001,2,0,0
CO,2002,1,0,0
CO,2002,2,0,0
CO,2003,1,0,0
CO,2003,2,0,0
CO,2004,1,1,0
CO,2004,2,2,0
CO,2005,1,0,0
CO,2005,2,0,0
CO,2006,1,1,0
CO,2006,2,0,0
CO,2007,1,0,0
CO,2007,2,0,0
CO,2008,1,0,0
CO,2008,2,9,0
CO,2009,1,2,0
CO,2009,2,2,0
CO,2010,1,8,0
CO,2010,2,5,0
CO,2011,1,7,0
CO,2011,2,1,0
CO,2012,1,4,0
CO,2012,2,3,0
CO,2013,1,4,0
CO,2013,2,4,0
CO,2014,1,8,0
CO,2014,2,6,0
CO,2015,1,11,0
CO,2015,2,10,0
CO,2016,1,8,0
CO,2016,2,23,0
CO,2017,1,26,2
CO,2017,2,24,0
CO,2018,1,41,0
CO,2018,2,63,1
CO,2019,1,132,0
CO,2019,2,178,0
CO,2020,1,273,1
CO,2020,2,456,0
CO,2021,1,947,0
CO,2021,2,1270,0
CO,2022,1,1547,0
CO,2022,2,1456,0
CT,1998,1,0,0
CT,1998,2,0,0
CT,1999,1,0,0
CT,1999,2,0,0
CT,2000,1,0,0
CT,2000,2,1,0
CT,2001,1,0,0
CT,2001,2,0,0
CT,2002,1,2,0
CT,2002,2,1,0
CT,2003,1,1,0
CT,2003,2,0,0
CT,2004,1,0,0
CT,2004,2,0,0
CT,2005,1,0,0
CT,2005,2,1,0
CT,2006,1,4,0
CT,2006,2,4,0
CT,2007,1,0,0
CT,2007,2,0,0
CT,2008,1,1,0
CT,2008,2,0,0
CT,2009,1,3,0
CT,2009,2,0,0
CT,2010,1,1,0
CT,2010,2,1,0
CT,2011,1,0,0
CT,2011,2,0,0
CT,2012,1,0,0
CT,2012,2,1,0
CT,2013,1,0,0
CT,2013,2,2,0
CT,2014,1,19,0
CT,2014,2,13,0
CT,2015,1,25,0
CT,2015,2,43,0
CT,2016,1,145,0
CT,2016,2,151,0
CT,2017,1,228,2
CT,2017,2,333,0
CT,2018,1,318,4
CT,2018,2,252,0
CT,2019,1,339,0
CT,2019,2,327,0
CT,2020,1,227,0
CT,2020,2,263,0
CT,2021,1,337,0
CT,2021,2,426,0
CT,2022,1,563,0
CT,2022,2,604,0
DC,1998,1,0,0
DC,1998,2,0,0
DC,1999,1,0,0
DC,1999,2,0,0
DC,2000,1,0,0
DC,2000,2,0,0
DC,2001,1,0,0
DC,2001,2,4,0
DC,2002,1,1,0
DC,2002,2,0,0
DC,2003,1,0,0
DC,2003,2,0,0
DC,2004,1,0,0
DC,2004,2,0,0
DC,2005,1,0,0
DC,2005,2,0,0
DC,2006,1,0,0
DC,2006,2,0,0
DC,2007,1,1,0
DC,2007,2,0,0
DC,2008,1,0,0
DC,2008,2,0,0
DC,2009,1,0,0
DC,2009,2,0,0
DC,2010,1,1,0
DC,2010,2,0,0
DC,2011,1,0,0
DC,2011,2,0,0
DC,2012,1,0,0
DC,2012,2,1,0
DC,2013,1,1,0
DC,2013,2,0,0
DC,2014,1,4,0
DC,2014,2,4,0
DC,2015,1,4,0
DC,2015,2,9,0
DC,2016,1,57,0
DC,2016,2,53,0
DC,2017,1,89,1
DC,2017,2,86,3
DC,2018,1,46,0
DC,2018,2,46,0
DC,2019,1,37,0
DC,2019,2,95,0
DC,2020,1,51,0
DC,2020,2,68,0
DC,2021,1,59,0
DC,2021,2,76,0
DC,2022,1,105,0
DC,2022,2,73,0
DE,1998,1,0,0
DE,1998,2,0,0
DE,1999,1,0,0
DE,1999,2,0,0
DE,2000,1,0,0
DE,2000,2,0,0
DE,2001,1,0,0
DE,2001,2,0,0
DE,2002,1,0,0
DE,2002,2,0,0
DE,2003,1,0,0
DE,2003,2,0,0
DE,2004,1,0,0
DE,2004,2,0,0
DE,2005,1,0,0
DE,2005,2,0,0
DE,2006,1,0,0
DE,2006,2,14,0
DE,2007,1,0,0
DE,2007,2,0,0
DE,2008,1,0,0
DE,2008,2,0,0
DE,2009,1,0,0
DE,2009,2,0,0
DE,2010,1,0,0
DE,2010,2,0,0
DE,2011,1,0,0
DE,2011,2,0,0
DE,2012,1,0,0
DE,2012,2,0,0
DE,2013,1,0,0
DE,2013,2,1,0
DE,2014,1,2,0
DE,2014,2,0,0
DE,2015,1,2,0
DE,2015,2,7,0
DE,2016,1,17,0
DE,2016,2,15,0
DE,2017,1,43,0
DE,2017,2,52,0
DE,2018,1,127,0
DE,2018,2,120,0
DE,2019,1,28,0
DE,2019,2,37,0
DE,2020,1,9,0
DE,2020,2,9,0
DE,2021,1,21,0
DE,2021,2,27,0
DE,2022,1,57,0
DE,2022,2,22,0
FL,1998,1,0,0
FL,1998,2,0,0
FL,1999,1,0,0
FL,1999,2,4,0
FL,2000,1,2,0
FL,2000,2,1,0
FL,2001,1,1,0
FL,2001,2,1,0
FL,2002,1,1,0
FL,2002,2,4,0
FL,2003,1,10,0
FL,2003,2,9,0
FL,2004,1,4,0
FL,2004,2,6,0
FL,2005,1,2,0
FL,2005,2,6,0
FL,2006,1,3,0
FL,2006,2,9,0
FL,2007,1,5,0
FL,2007,2,8,0
FL,2008,1,7,0
FL,2008,2,6,0
FL,2009,1,8,0
FL,2009,2,9,0
FL,2010,1,8,0
FL,2010,2,4,0
FL,2011,1,4,0
FL,2011,2,4,0
FL,2012,1,6,0
FL,2012,2,7,0
FL,2013,1,8,0
FL,2013,2,27,0
FL,2014,1,74,0
FL,2014,2,169,0
FL,2015,1,288,0
FL,2015,2,426,0
FL,2016,1,694,1
FL,2016,2,979,216
FL,2017,1,1259,248
FL,2017,2,1502,207
FL,2018,1,2440,95
FL,2018,2,2008,11
FL,2019,1,2529,10
FL,2019,2,2974,3
FL,2020,1,2779,17
FL,2020,2,4007,1
FL,2021,1,4903,2
FL,2021,2,4303,2
FL,2022,1,4790,0
FL,2022,2,4077,0
GA,1998,1,0,0
GA,1998,2,0,0
GA,1999,1,0,0
GA,1999,2,0,0
GA,2000,1,0,0
GA,2000,2,0,0
GA,2001,1,0,0
GA,2001,2,0,0
GA,2002,1,0,0
GA,2002,2,0,0
GA,2003,1,0,0
GA,2003,2,0,0
GA,2004,1,0,0
GA,2004,2,0,0
GA,2005,1,0,0
GA,2005,2,0,0
GA,2006,1,0,0
GA,2006,2,1,0
GA,2007,1,0,0
GA,2007,2,0,0
GA,2008,1,0,0
GA,2008,2,0,0
GA,2009,1,0,0
GA,2009,2,0,0
GA,2010,1,0,0
GA,2010,2,1,0
GA,2011,1,0,0
GA,2011,2,0,0
GA,2012,1,0,0
GA,2012,2,6,0
GA,2013,1,15,0
GA,2013,2,7,0
GA,2014,1,20,0
GA,2014,2,39,0
GA,2015,1,55,0
GA,2015,2,36,0
GA,2016,1,78,0
GA,2016,2,51,2
GA,2017,1,159,11
GA,2017,2,116,4
GA,2018,1,138,9
GA,2018,2,138,0
GA,2019,1,153,8
GA,2019,2,165,11
GA,2020,1,305,13
GA,2020,2,433,4
GA,2021,1,783,8
GA,2021,2,791,1
GA,2022,1,710,0
GA,2022,2,715,0
GU,1998,1,0,0
GU,1998,2,0,0
GU,1999,1,0,0
GU,1999,2,0,0
GU,2000,1,0,0
GU,2000,2,0,0
GU,2001,1,0,0
GU,2001,2,0,0
GU,2002,1,0,0
GU,2002,2,0,0
GU,2003,1,0,0
GU,2003,2,0,0
GU,2004,1,0,0
GU,2004,2,0,0
GU,2005,1,0,0
GU,2005,2,0,0
GU,2006,1,0,0
GU,2006,2,0,0
GU,2007,1,0,0
GU,2007,2,0,0
GU,2008,1,0,0
GU,2008,2,0,0
GU,2009,1,0,0
GU,2009,2,0,0
GU,2010,1,0,0
GU,2010,2,0,0
GU,2011,1,0,0
GU,2011,2,0,0
GU,2012,1,0,0
GU,2012,2,0,0
GU,2013,1,0,0
GU,2013,2,0,0
GU,2014,1,0,0
GU,2014,2,0,0
GU,2015,1,0,0
GU,2015,2,0,0
GU,2016,1,0,0
GU,2016,2,0,0
GU,2017,1,0,0
GU,2017,2,0,0
GU,2018,1,0,0
GU,2018,2,0,0
GU,2019,1,0,0
GU,2019,2,0,0
GU,2020,1,1,0
GU,2020,2,0,0
GU,2021,1,0,0
GU,2021,2,0,0
GU,2022,1,0,0
GU,2022,2,0,0
HI,1998,1,0,0
HI,1998,2,0,0
HI,1999,1,0,0
HI,1999,2,0,0
HI,2000,1,0,0
HI,2000,2,0,0
HI,2001,1,0,0
HI,2001,2,0,0
HI,2002,1,0,0
HI,2002,2,0,0
HI,2003,1,0,0
HI,2003,2,0,0
HI,2004,1,0,0
HI,2004,2,0,0
HI,2005,1,0,0
HI,2005,2,0,0
HI,2006,1,0,0
HI,2006,2,0,0
HI,2007,1,1,0
HI,2007,2,0,0
HI,2008,1,0,0
HI,2008,2,0,0
HI,2009,1,0,0
HI,2009,2,0,0
HI,2010,1,0,0
HI,2010,2,0,0
HI,2011,1,0,0
HI,2011,2,0,0
HI,2012,1,0,0
HI,2012,2,0,0
HI,2013,1,0,0
HI,2013,2,0,0
HI,2014,1,0,0
HI,2014,2,0,0
HI,2015,1,1,0
HI,2015,2,36,0
HI,2016,1,8,0
HI,2016,2,0,0
HI,2017,1,0,0
HI,2017,2,3,0
HI,2018,1,0,0
HI,2018,2,2,0
HI,2019,1,2,0
HI,2019,2,3,0
HI,2020,1,2,0
HI,2020,2,23,0
HI,2021,1,79,0
HI,2021,2,109,0
HI,2022,1,75,0
HI,2022,2,33,0
IA,1998,1,0,0
IA,1998,2,0,0
IA,1999,1,0,0
IA,1999,2,0,0
IA,2000,1,0,0
IA,2000,2,0,0
IA,2001,1,0,0
IA,2001,2,0,0
IA,2002,1,1,0
IA,2002,2,1,0
IA,2003,1,2,0
IA,2003,2,2,0
IA,2004,1,2,0
IA,2004,2,0,0
IA,2005,1,0,0
IA,2005,2,0,0
IA,2006,1,0,0
IA,2006,2,4,0
IA,2007,1,1,0
IA,2007,2,0,0
IA,2008,1,0,0
IA,2008,2,0,0
IA,2009,1,3,0
IA,2009,2,3,0
IA,2010,1,3,0
IA,2010,2,3,0
IA,2011,1,3,0
IA,2011,2,2,0
IA,2012,1,2,0
IA,2012,2,1,0
IA,2013,1,2,0
IA,2013,2,5,0
IA,2014,1,3,0
IA,2014,2,3,0
IA,2015,1,37,0
IA,2015,2,24,0
IA,2016,1,84,0
IA,2016,2,29,1
IA,2017,1,150,1
IA,2017,2,277,17
IA,2018,1,253,3
IA,2018,2,121,0
IA,2019,1,252,3
IA,2019,2,293,0
IA,2020,1,283,0
IA,2020,2,396,0
IA,2021,1,403,0
IA,2021,2,412,0
IA,2022,1,466,0
IA,2022,2,467,0
ID,1998,1,0,0
ID,1998,2,0,0
ID,1999,1,0,0
ID,1999,2,0,0
ID,2000,1,0,0
ID,2000,2,0,0
ID,2001,1,0,0
ID,2001,2,0,0
ID,2002,1,0,0
ID,2002,2,1,0
ID,2003,1,1,0
ID,2003,2,0,0
ID,2004,1,1,0
ID,2004,2,0,0
ID,2005,1,1,0
ID,2005,2,1,0
ID,2006,1,1,0
ID,2006,2,3,0
ID,2007,1,0,0
ID,2007,2,0,0
ID,2008,1,0,0
ID,2008,2,0,0
ID,2009,1,0,0
ID,2009,2,0,0
ID,2010,1,1,0
ID,2010,2,4,0
ID,2011,1,2,0
ID,2011,2,3,0
ID,2012,1,3,0
ID,2012,2,4,0
ID,2013,1,5,0
ID,2013,2,3,0
ID,2014,1,5,0
ID,2014,2,5,0
ID,2015,1,8,0
ID,2015,2,9,0
ID,2016,1,8,0
ID,2016,2,11,0
ID,2017,1,13,0
ID,2017,2,11,2
ID,2018,1,15,1
ID,2018,2,26,0
ID,2019,1,34,0
ID,2019,2,23,0
ID,2020,1,60,0
ID,2020,2,91,0
ID,2021,1,379,0
ID,2021,2,707,0
ID,2022,1,1319,0
ID,2022,2,1209,0
IL,1998,1,0,0
IL,1998,2,2,0
IL,1999,1,1,0
IL,1999,2,0,0
IL,2000,1,0,0
IL,2000,2,0,0
IL,2001,1,0,0
IL,2001,2,2,0
IL,2002,1,1,0
IL,2002,2,1,0
IL,2003,1,0,0
IL,2003,2,3,0
IL,2004,1,2,0
IL,2004,2,1,0
IL,2005,1,8,0
IL,2005,2,58,0
IL,2006,1,371,0
IL,2006,2,1172,0
IL,2007,1,53,0
IL,2007,2,25,0
IL,2008,1,12,0
IL,2008,2,11,0
IL,2009,1,43,0
IL,2009,2,22,0
IL,2010,1,21,0
IL,2010,2,14,0
IL,2011,1,19,0
IL,2011,2,7,0
IL,2012,1,12,0
IL,2012,2,15,0
IL,2013,1,8,0
IL,2013,2,34,0
IL,2014,1,33,0
IL,2014,2,40,0
IL,2015,1,76,0
IL,2015,2,372,0
IL,2016,1,715,0
IL,2016,2,966,3
IL,2017,1,1304,6
IL,2017,2,1832,6
IL,2018,1,2703,2
IL,2018,2,2619,1
IL,2019,1,1895,2
IL,2019,2,2769,4
IL,2020,1,2447,5
IL,2020,2,2854,2
IL,2021,1,3643,0
IL,2021,2,2716,0
IL,2022,1,2927,0
IL,2022,2,2755,1
IN,1998,1,0,0
IN,1998,2,0,0
IN,1999,1,0,0
IN,1999,2,0,0
IN,2000,1,0,0
IN,2000,2,0,0
IN,2001,1,0,0
IN,2001,2,2,0
IN,2002,1,0,0
IN,2002,2,0,0
IN,2003,1,2,0
IN,2003,2,4,0
IN,2004,1,0,0
IN,2004,2,5,0
IN,2005,1,2,0
IN,2005,2,9,0
IN,2006,1,11,0
IN,2006,2,31,0
IN,2007,1,6,0
IN,2007,2,2,0
IN,2008,1,9,0
IN,2008,2,11,0
IN,2009,1,11,0
IN,2009,2,7,0
IN,2010,1,8,0
IN,2010,2,6,0
IN,2011,1,6,0
IN,2011,2,12,0
IN,2012,1,10,0
IN,2012,2,2,0
IN,2013,1,13,0
IN,2013,2,10,0
IN,2014,1,72,0
IN,2014,2,63,0
IN,2015,1,107,0
IN,2015,2,146,0
IN,2016,1,313,0
IN,2016,2,402,6
IN,2017,1,668,26
IN,2017,2,677,22
IN,2018,1,806,8
IN,2018,2,1018,5
IN,2019,1,1274,1
IN,2019,2,800,0
IN,2020,1,951,3
IN,2020,2,1202,0
IN,2021,1,1580,0
IN,2021,2,1784,0
IN,2022,1,1894,3
IN,2022,2,1559,0
KS,1998,1,0,0
KS,1998,2,0,0
KS,1999,1,0,0
KS,1999,2,0,0
KS,2000,1,0,0
KS,2000,2,1,0
KS,2001,1,0,0
KS,2001,2,0,0
KS,2002,1,2,0
KS,2002,2,0,0
KS,2003,1,0,0
KS,2003,2,2,0
KS,2004,1,4,0
KS,2004,2,0,0
KS,2005,1,4,0
KS,2005,2,0,0
KS,2006,1,5,0
KS,2006,2,1,0
KS,2007,1,3,0
KS,2007,2,4,0
KS,2008,1,2,0
KS,2008,2,6,0
KS,2009,1,1,0
KS,2009,2,3,0
KS,2010,1,2,0
KS,2010,2,8,0
KS,2011,1,14,0
KS,2011,2,5,0
KS,2012,1,7,0
KS,2012,2,7,0
KS,2013,1,14,0
KS,2013,2,3,0
KS,2014,1,13,0
KS,2014,2,9,0
KS,2015,1,5,0
KS,2015,2,14,0
KS,2016,1,13,0
KS,2016,2,19,0
KS,2017,1,50,0
KS,2017,2,26,1
KS,2018,1,51,0
KS,2018,2,44,0
KS,2019,1,77,0
KS,2019,2,107,0
KS,2020,1,153,0
KS,2020,2,219,0
KS,2021,1,574,0
KS,2021,2,939,0
KS,2022,1,2278,0
KS,2022,2,1144,0
KY,1998,1,0,0
KY,1998,2,0,0
KY,1999,1,0,0
KY,1999,2,0,0
KY,2000,1,0,0
KY,2000,2,0,0
KY,2001,1,0,0
KY,2001,2,0,0
KY,2002,1,4,0
KY,2002,2,3,0
KY,2003,1,4,0
KY,2003,2,2,0
KY,2004,1,21,0
KY,2004,2,11,0
KY,2005,1,10,0
KY,2005,2,8,0
KY,2006,1,12,0
KY,2006,2,17,0
KY,2007,1,10,0
KY,2007,2,24,0
KY,2008,1,12,0
KY,2008,2,11,0
KY,2009,1,14,0
KY,2009,2,9,0
KY,2010,1,11,0
KY,2010,2,6,0
KY,2011,1,9,0
KY,2011,2,22,0
KY,2012,1,9,0
KY,2012,2,6,0
KY,2013,1,14,0
KY,2013,2,11,0
KY,2014,1,66,0
KY,2014,2,167,0
KY,2015,1,301,0
KY,2015,2,235,0
KY,2016,1,533,0
KY,2016,2,665,45
KY,2017,1,1422,89
KY,2017,2,1428,36
KY,2018,1,1615,3
KY,2018,2,1733,0
KY,2019,1,2109,1
KY,2019,2,1984,5
KY,2020,1,2020,2
KY,2020,2,2364,5
KY,2021,1,2945,1
KY,2021,2,2846,1
KY,2022,1,2778,0
KY,2022,2,2726,0
LA,1998,1,0,0
LA,1998,2,0,0
LA,1999,1,1,0
LA,1999,2,0,0
LA,2000,1,1,0
LA,2000,2,0,0
LA,2001,1,1,0
LA,2001,2,1,0
LA,2002,1,0,0
LA,2002,2,0,0
LA,2003,1,1,0
LA,2003,2,2,0
LA,2004,1,5,0
LA,2004,2,3,0
LA,2005,1,5,0
LA,2005,2,11,0
LA,2006,1,13,0
LA,2006,2,5,0
LA,2007,1,5,0
LA,2007,2,1,0
LA,2008,1,4,0
LA,2008,2,2,0
LA,2009,1,7,0
LA,2009,2,3,0
LA,2010,1,5,0
LA,2010,2,8,0
LA,2011,1,4,0
LA,2011,2,4,0
LA,2012,1,4,0
LA,2012,2,7,0
LA,2013,1,5,0
LA,2013,2,12,0
LA,2014,1,9,0
LA,2014,2,18,0
LA,2015,1,17,0
LA,2015,2,30,0
LA,2016,1,71,0
LA,2016,2,91,0
LA,2017,1,148,4
LA,2017,2,114,0
LA,2018,1,248,2
LA,2018,2,207,0
LA,2019,1,207,0
LA,2019,2,331,3
LA,2020,1,508,1
LA,2020,2,961,0
LA,2021,1,1493,0
LA,2021,2,1433,4
LA,2022,1,1990,4
LA,2022,2,1753,0
MA,1998,1,0,0
MA,1998,2,0,0
MA,1999,1,0,0
MA,1999,2,0,0
MA,2000,1,0,0
MA,2000,2,0,0
MA,2001,1,0,0
MA,2001,2,6,0
MA,2002,1,4,0
MA,2002,2,5,0
MA,2003,1,19,0
MA,2003,2,5,0
MA,2004,1,10,0
MA,2004,2,15,0
MA,2005,1,8,0
MA,2005,2,14,0
MA,2006,1,9,0
MA,2006,2,56,0
MA,2007,1,15,0
MA,2007,2,9,0
MA,2008,1,7,0
MA,2008,2,6,0
MA,2009,1,10,0
MA,2009,2,12,0
MA,2010,1,4,0
MA,2010,2,18,0
MA,2011,1,12,0
MA,2011,2,5,0
MA,2012,1,15,0
MA,2012,2,6,0
MA,2013,1,8,0
MA,2013,2,27,0
MA,2014,1,502,0
MA,2014,2,486,0
MA,2015,1,1443,0
MA,2015,2,1705,0
MA,2016,1,3463,0
MA,2016,2,3567,0
MA,2017,1,3805,17
MA,2017,2,3762,26
MA,2018,1,4883,3
MA,2018,2,5307,2
MA,2019,1,6953,7
MA,2019,2,5333,6
MA,2020,1,2646,0
MA,2020,2,3955,3
MA,2021,1,5159,1
MA,2021,2,3646,0
MA,2022,1,4004,0
MA,2022,2,3278,0
MD,1998,1,0,0
MD,1998,2,0,0
MD,1999,1,0,0
MD,1999,2,0,0
MD,2000,1,0,0
MD,2000,2,0,0
MD,2001,1,0,0
MD,2001,2,0,0
MD,2002,1,1,0
MD,2002,2,2,0
MD,2003,1,1,0
MD,2003,2,0,0
MD,2004,1,0,0
MD,2004,2,0,0
MD,2005,1,1,0
MD,2005,2,1,0
MD,2006,1,10,0
MD,2006,2,40,0
MD,2007,1,4,0
MD,2007,2,9,0
MD,2008,1,1,0
MD,2008,2,4,0
MD,2009,1,0,0
MD,2009,2,0,0
MD,2010,1,2,0
MD,2010,2,11,0
MD,2011,1,4,0
MD,2011,2,6,0
MD,2012,1,8,0
MD,2012,2,7,0
MD,2013,1,12,0
MD,2013,2,48,0
MD,2014,1,238,0
MD,2014,2,94,0
MD,2015,1,170,0
MD,2015,2,453,0
MD,2016,1,780,0
MD,2016,2,965,0
MD,2017,1,2070,38
MD,2017,2,2255,19
MD,2018,1,2936,2
MD,2018,2,3255,3
MD,2019,1,4112,0
MD,2019,2,3397,0
MD,2020,1,2834,0
MD,2020,2,2799,0
MD,2021,1,2437,0
MD,2021,2,2031,0
MD,2022,1,1988,0
MD,2022,2,1574,0
ME,1998,1,0,0
ME,1998,2,0,0
ME,1999,1,0,0
ME,1999,2,0,0
ME,2000,1,0,0
ME,2000,2,0,0
ME,2001,1,0,0
ME,2001,2,0,0
ME,2002,1,0,0
ME,2002,2,3,0
ME,2003,1,1,0
ME,2003,2,0,0
ME,2004,1,1,0
ME,2004,2,2,0
ME,2005,1,0,0
ME,2005,2,0,0
ME,2006,1,0,0
ME,2006,2,2,0
ME,2007,1,0,0
ME,2007,2,0,0
ME,2008,1,0,0
ME,2008,2,0,0
ME,2009,1,0,0
ME,2009,2,1,0
ME,2010,1,0,0
ME,2010,2,1,0
ME,2011,1,1,0
ME,2011,2,0,0
ME,2012,1,0,0
ME,2012,2,1,0
ME,2013,1,1,0
ME,2013,2,2,0
ME,2014,1,8,0
ME,2014,2,29,0
ME,2015,1,55,0
ME,2015,2,94,0
ME,2016,1,154,0
ME,2016,2,119,0
ME,2017,1,125,0
ME,2017,2,177,0
ME,2018,1,235,0
ME,2018,2,208,0
ME,2019,1,237,0
ME,2019,2,237,0
ME,2020,1,259,0
ME,2020,2,346,0
ME,2021,1,355,0
ME,2021,2,378,0
ME,2022,1,223,0
ME,2022,2,89,0
MI,1998,1,2,0
MI,1998,2,1,0
MI,1999,1,0,0
MI,1999,2,0,0
MI,2000,1,2,0
MI,2000,2,1,0
MI,2001,1,3,0
MI,2001,2,2,0
MI,2002,1,6,0
MI,2002,2,3,0
MI,2003,1,2,0
MI,2003,2,7,0
MI,2004,1,5,0
MI,2004,2,8,0
MI,2005,1,12,0
MI,2005,2,20,0
MI,2006,1,124,0
MI,2006,2,114,0
MI,2007,1,13,0
MI,2007,2,9,0
MI,2008,1,18,0
MI,2008,2,13,0
MI,2009,1,15,0
MI,2009,2,16,0
MI,2010,1,13,0
MI,2010,2,14,0
MI,2011,1,17,0
MI,2011,2,15,0
MI,2012,1,17,0
MI,2012,2,7,0
MI,2013,1,15,0
MI,2013,2,11,0
MI,2014,1,29,0
MI,2014,2,46,0
MI,2015,1,156,0
MI,2015,2,112,0
MI,2016,1,223,0
MI,2016,2,321,75
MI,2017,1,415,92
MI,2017,2,400,6
MI,2018,1,502,1
MI,2018,2,577,2
MI,2019,1,858,0
MI,2019,2,1177,2
MI,2020,1,930,0
MI,2020,2,1125,0
MI,2021,1,570,0
MI,2021,2,465,0
MI,2022,1,487,0
MI,2022,2,507,0
MN,1998,1,0,0
MN,1998,2,0,0
MN,1999,1,0,0
MN,1999,2,0,0
MN,2000,1,0,0
MN,2000,2,0,0
MN,2001,1,0,0
MN,2001,2,0,0
MN,2002,1,0,0
MN,2002,2,0,0
MN,2003,1,0,0
MN,2003,2,0,0
MN,2004,1,0,0
MN,2004,2,0,0
MN,2005,1,1,0
MN,2005,2,0,0
MN,2006,1,16,0
MN,2006,2,5,0
MN,2007,1,2,0
MN,2007,2,2,0
MN,2008,1,2,0
MN,2008,2,2,0
MN,2009,1,4,0
MN,2009,2,0,0
MN,2010,1,3,0
MN,2010,2,3,0
MN,2011,1,3,0
MN,2011,2,1,0
MN,2012,1,6,0
MN,2012,2,5,0
MN,2013,1,7,0
MN,2013,2,1,0
MN,2014,1,0,0
MN,2014,2,6,0
MN,2015,1,7,0
MN,2015,2,13,0
MN,2016,1,46,0
MN,2016,2,72,0
MN,2017,1,149,36
MN,2017,2,190,28
MN,2018,1,274,8
MN,2018,2,293,1
MN,2019,1,435,0
MN,2019,2,538,2
MN,2020,1,631,25
MN,2020,2,666,1
MN,2021,1,1278,0
MN,2021,2,1226,0
MN,2022,1,1711,0
MN,2022,2,1040,0
MO,1998,1,0,0
MO,1998,2,0,0
MO,1999,1,0,0
MO,1999,2,1,0
MO,2000,1,1,0
MO,2000,2,1,0
MO,2001,1,2,0
MO,2001,2,0,0
MO,2002,1,3,0
MO,2002,2,1,0
MO,2003,1,4,0
MO,2003,2,3,0
MO,2004,1,3,0
MO,2004,2,7,0
MO,2005,1,11,0
MO,2005,2,6,0
MO,2006,1,87,0
MO,2006,2,121,0
MO,2007,1,20,0
MO,2007,2,16,0
MO,2008,1,11,0
MO,2008,2,13,0
MO,2009,1,23,0
MO,2009,2,15,0
MO,2010,1,32,0
MO,2010,2,20,0
MO,2011,1,22,0
MO,2011,2,21,0
MO,2012,1,18,0
MO,2012,2,28,0
MO,2013,1,22,0
MO,2013,2,15,0
MO,2014,1,55,0
MO,2014,2,29,0
MO,2015,1,103,0
MO,2015,2,220,0
MO,2016,1,250,0
MO,2016,2,470,0
MO,2017,1,1013,2
MO,2017,2,917,3
MO,2018,1,1215,1
MO,2018,2,1702,0
MO,2019,1,1800,0
MO,2019,2,2012,0
MO,2020,1,2067,0
MO,2020,2,2503,1
MO,2021,1,3160,0
MO,2021,2,3034,0
MO,2022,1,2873,0
MO,2022,2,2779,0
MS,1998,1,0,0
MS,1998,2,0,0
MS,1999,1,0,0
MS,1999,2,0,0
MS,2000,1,0,0
MS,2000,2,0,0
MS,2001,1,3,0
MS,2001,2,0,0
MS,2002,1,0,0
MS,2002,2,3,0
MS,2003,1,4,0
MS,2003,2,3,0
MS,2004,1,1,0
MS,2004,2,4,0
MS,2005,1,1,0
MS,2005,2,6,0
MS,2006,1,7,0
MS,2006,2,6,0
MS,2007,1,11,0
MS,2007,2,10,0
MS,2008,1,13,0
MS,2008,2,10,0
MS,2009,1,5,0
MS,2009,2,7,0
MS,2010,1,9,0
MS,2010,2,6,0
MS,2011,1,10,0
MS,2011,2,5,0
MS,2012,1,12,0
MS,2012,2,18,0
MS,2013,1,15,0
MS,2013,2,10,0
MS,2014,1,10,0
MS,2014,2,15,0
MS,2015,1,12,0
MS,2015,2,13,0
MS,2016,1,23,0
MS,2016,2,42,0
MS,2017,1,55,0
MS,2017,2,79,0
MS,2018,1,113,2
MS,2018,2,86,1
MS,2019,1,124,0
MS,2019,2,172,0
MS,2020,1,228,0
MS,2020,2,299,0
MS,2021,1,475,0
MS,2021,2,553,0
MS,2022,1,552,0
MS,2022,2,133,0
MT,1998,1,0,0
MT,1998,2,0,0
MT,1999,1,0,0
MT,1999,2,0,0
MT,2000,1,0,0
MT,2000,2,0,0
MT,2001,1,0,0
MT,2001,2,0,0
MT,2002,1,0,0
MT,2002,2,0,0
MT,2003,1,0,0
MT,2003,2,0,0
MT,2004,1,0,0
MT,2004,2,0,0
MT,2005,1,0,0
MT,2005,2,1,0
MT,2006,1,1,0
MT,2006,2,1,0
MT,2007,1,0,0
MT,2007,2,0,0
MT,2008,1,0,0
MT,2008,2,2,0
MT,2009,1,2,0
MT,2009,2,4,0
MT,2010,1,1,0
MT,2010,2,4,0
MT,2011,1,1,0
MT,2011,2,5,0
MT,2012,1,3,0
MT,2012,2,1,0
MT,2013,1,4,0
MT,2013,2,1,0
MT,2014,1,7,0
MT,2014,2,2,0
MT,2015,1,4,0
MT,2015,2,7,0
MT,2016,1,9,0
MT,2016,2,2,0
MT,2017,1,14,1
MT,2017,2,18,3
MT,2018,1,10,0
MT,2018,2,13,0
MT,2019,1,14,0
MT,2019,2,17,0
MT,2020,1,11,0
MT,2020,2,37,0
MT,2021,1,105,0
MT,2021,2,210,0
MT,2022,1,509,0
MT,2022,2,605,0
NC,1998,1,0,0
NC,1998,2,0,0
NC,1999,1,0,0
NC,1999,2,0,0
NC,2000,1,0,0
NC,2000,2,0,0
NC,2001,1,0,0
NC,2001,2,0,0
NC,2002,1,2,0
NC,2002,2,0,0
NC,2003,1,6,0
NC,2003,2,5,0
NC,2004,1,3,0
NC,2004,2,7,0
NC,2005,1,6,0
NC,2005,2,3,0
NC,2006,1,4,0
NC,2006,2,2,0
NC,2007,1,8,0
NC,2007,2,0,0
NC,2008,1,0,0
NC,2008,2,0,0
NC,2009,1,0,0
NC,2009,2,4,0
NC,2010,1,11,0
NC,2010,2,7,0
NC,2011,1,3,0
NC,2011,2,10,0
NC,2012,1,5,0
NC,2012,2,4,0
NC,2013,1,6,0
NC,2013,2,6,0
NC,2014,1,14,0
NC,2014,2,19,0
NC,2015,1,22,0
NC,2015,2,21,0
NC,2016,1,53,0
NC,2016,2,81,0
NC,2017,1,233,0
NC,2017,2,332,1
NC,2018,1,871,0
NC,2018,2,718,0
NC,2019,1,877,2
NC,2019,2,1427,14
NC,2020,1,2223,18
NC,2020,2,2690,8
NC,2021,1,2671,2
NC,2021,2,2076,0
NC,2022,1,2835,0
NC,2022,2,2590,0
ND,1998,1,0,0
ND,1998,2,0,0
ND,1999,1,0,0
ND,1999,2,0,0
ND,2000,1,0,0
ND,2000,2,0,0
ND,2001,1,0,0
ND,2001,2,0,0
ND,2002,1,0,0
ND,2002,2,0,0
ND,2003,1,0,0
ND,2003,2,0,0
ND,2004,1,0,0
ND,2004,2,0,0
ND,2005,1,0,0
ND,2005,2,0,0
ND,2006,1,0,0
ND,2006,2,0,0
ND,2007,1,0,0
ND,2007,2,0,0
ND,2008,1,1,0
ND,2008,2,2,0
ND,2009,1,2,0
ND,2009,2,0,0
ND,2010,1,0,0
ND,2010,2,1,0
ND,2011,1,1,0
ND,2011,2,4,0
ND,2012,1,1,0
ND,2012,2,7,0
ND,2013,1,5,0
ND,2013,2,5,0
ND,2014,1,3,0
ND,2014,2,3,0
ND,2015,1,22,0
ND,2015,2,5,0
ND,2016,1,81,0
ND,2016,2,38,4
ND,2017,1,68,10
ND,2017,2,50,0
ND,2018,1,37,1
ND,2018,2,64,0
ND,2019,1,52,0
ND,2019,2,223,1
ND,2020,1,132,1
ND,2020,2,220,0
ND,2021,1,196,0
ND,2021,2,239,0
ND,2022,1,323,0
ND,2022,2,298,0
NE,1998,1,0,0
NE,1998,2,0,0
NE,1999,1,0,0
NE,1999,2,0,0
NE,2000,1,0,0
NE,2000,2,0,0
NE,2001,1,0,0
NE,2001,2,0,0
NE,2002,1,0,0
NE,2002,2,0,0
NE,2003,1,0,0
NE,2003,2,0,0
NE,2004,1,0,0
NE,2004,2,0,0
NE,2005,1,0,0
NE,2005,2,0,0
NE,2006,1,0,0
NE,2006,2,4,0
NE,2007,1,1,0
NE,2007,2,0,0
NE,2008,1,0,0
NE,2008,2,1,0
NE,2009,1,5,0
NE,2009,2,3,0
NE,2010,1,5,0
NE,2010,2,5,0
NE,2011,1,2,0
NE,2011,2,4,0
NE,2012,1,2,0
NE,2012,2,5,0
NE,2013,1,1,0
NE,2013,2,5,0
NE,2014,1,1,0
NE,2014,2,1,0
NE,2015,1,3,0
NE,2015,2,1,0
NE,2016,1,4,0
NE,2016,2,6,0
NE,2017,1,7,0
NE,2017,2,10,3
NE,2018,1,26,1
NE,2018,2,25,0
NE,2019,1,11,0
NE,2019,2,18,0
NE,2020,1,52,0
NE,2020,2,76,0
NE,2021,1,122,0
NE,2021,2,184,0
NE,2022,1,301,0
NE,2022,2,223,0
NH,1998,1,0,0
NH,1998,2,0,0
NH,1999,1,0,0
NH,1999,2,0,0
NH,2000,1,0,0
NH,2000,2,0,0
NH,2001,1,0,0
NH,2001,2,0,0
NH,2002,1,0,0
NH,2002,2,0,0
NH,2003,1,0,0
NH,2003,2,0,0
NH,2004,1,0,0
NH,2004,2,0,0
NH,2005,1,0,0
NH,2005,2,0,0
NH,2006,1,0,0
NH,2006,2,0,0
NH,2007,1,0,0
NH,2007,2,0,0
NH,2008,1,0,0
NH,2008,2,0,0
NH,2009,1,0,0
NH,2009,2,0,0
NH,2010,1,0,0
NH,2010,2,1,0
NH,2011,1,0,0
NH,2011,2,2,0
NH,2012,1,7,0
NH,2012,2,2,0
NH,2013,1,5,0
NH,2013,2,11,0
NH,2014,1,74,0
NH,2014,2,153,0
NH,2015,1,584,0
NH,2015,2,812,0
NH,2016,1,956,0
NH,2016,2,835,0
NH,2017,1,1144,51
NH,2017,2,1082,6
NH,2018,1,1039,0
NH,2018,2,1082,0
NH,2019,1,1028,0
NH,2019,2,815,1
NH,2020,1,699,1
NH,2020,2,889,1
NH,2021,1,1209,0
NH,2021,2,1236,0
NH,2022,1,1120,0
NH,2022,2,985,0
NJ,1998,1,0,0
NJ,1998,2,0,0
NJ,1999,1,0,0
NJ,1999,2,0,0
NJ,2000,1,0,0
NJ,2000,2,0,0
NJ,2001,1,0,0
NJ,2001,2,0,0
NJ,2002,1,1,0
NJ,2002,2,0,0
NJ,2003,1,0,0
NJ,2003,2,4,0
NJ,2004,1,4,0
NJ,2004,2,7,0
NJ,2005,1,2,0
NJ,2005,2,8,0
NJ,2006,1,88,0
NJ,2006,2,166,0
NJ,2007,1,19,0
NJ,2007,2,8,0
NJ,2008,1,6,0
NJ,2008,2,10,0
NJ,2009,1,9,0
NJ,2009,2,8,0
NJ,2010,1,4,0
NJ,2010,2,4,0
NJ,2011,1,2,0
NJ,2011,2,5,0
NJ,2012,1,3,0
NJ,2012,2,7,0
NJ,2013,1,4,0
NJ,2013,2,11,0
NJ,2014,1,182,0
NJ,2014,2,95,0
NJ,2015,1,390,0
NJ,2015,2,816,0
NJ,2016,1,1135,0
NJ,2016,2,1878,0
NJ,2017,1,3212,2
NJ,2017,2,3804,0
NJ,2018,1,4934,1
NJ,2018,2,5899,2
NJ,2019,1,7354,0
NJ,2019,2,7571,0
NJ,2020,1,5926,0
NJ,2020,2,7756,0
NJ,2021,1,7959,0
NJ,2021,2,9151,0
NJ,2022,1,10414,1
NJ,2022,2,8507,1
NM,1998,1,0,0
NM,1998,2,0,0
NM,1999,1,0,0
NM,1999,2,1,0
NM,2000,1,0,0
NM,2000,2,0,0
NM,2001,1,0,0
NM,2001,2,0,0
NM,2002,1,0,0
NM,2002,2,1,0
NM,2003,1,0,0
NM,2003,2,0,0
NM,2004,1,0,0
NM,2004,2,0,0
NM,2005,1,1,0
NM,2005,2,3,0
NM,2006,1,0,0
NM,2006,2,0,0
NM,2007,1,0,0
NM,2007,2,1,0
NM,2008,1,0,0
NM,2008,2,0,0
NM,2009,1,3,0
NM,2009,2,1,0
NM,2010,1,1,0
NM,2010,2,0,0
NM,2011,1,2,0
NM,2011,2,0,0
NM,2012,1,4,0
NM,2012,2,0,0
NM,2013,1,0,0
NM,2013,2,0,0
NM,2014,1,2,0
NM,2014,2,3,0
NM,2015,1,4,0
NM,2015,2,1,0
NM,2016,1,12,0
NM,2016,2,11,0
NM,2017,1,19,0
NM,2017,2,13,1
NM,2018,1,29,0
NM,2018,2,29,0
NM,2019,1,81,0
NM,2019,2,164,0
NM,2020,1,164,0
NM,2020,2,231,0
NM,2021,1,766,0
NM,2021,2,1161,0
NM,2022,1,1711,0
NM,2022,2,1644,0
NV,1998,1,0,0
NV,1998,2,0,0
NV,1999,1,0,0
NV,1999,2,0,0
NV,2000,1,0,0
NV,2000,2,0,0
NV,2001,1,0,0
NV,2001,2,0,0
NV,2002,1,0,0
NV,2002,2,4,0
NV,2003,1,0,0
NV,2003,2,1,0
NV,2004,1,1,0
NV,2004,2,0,0
NV,2005,1,0,0
NV,2005,2,0,0
NV,2006,1,0,0
NV,2006,2,5,0
NV,2007,1,2,0
NV,2007,2,0,0
NV,2008,1,3,0
NV,2008,2,2,0
NV,2009,1,3,0
NV,2009,2,3,0
NV,2010,1,2,0
NV,2010,2,10,0
NV,2011,1,3,0
NV,2011,2,1,0
NV,2012,1,2,0
NV,2012,2,2,0
NV,2013,1,1,0
NV,2013,2,2,0
NV,2014,1,3,0
NV,2014,2,18,0
NV,2015,1,12,0
NV,2015,2,7,0
NV,2016,1,7,0
NV,2016,2,1,0
NV,2017,1,7,0
NV,2017,2,13,0
NV,2018,1,29,1
NV,2018,2,7,0
NV,2019,1,27,0
NV,2019,2,65,0
NV,2020,1,79,0
NV,2020,2,96,0
NV,2021,1,177,0
NV,2021,2,165,0
NV,2022,1,277,0
NV,2022,2,220,0
NY,1998,1,0,0
NY,1998,2,0,0
NY,1999,1,2,0
NY,1999,2,0,0
NY,2000,1,0,0
NY,2000,2,0,0
NY,2001,1,0,0
NY,2001,2,0,0
NY,2002,1,1,0
NY,2002,2,0,0
NY,2003,1,0,0
NY,2003,2,0,0
NY,2004,1,2,0
NY,2004,2,1,0
NY,2005,1,5,0
NY,2005,2,8,0
NY,2006,1,11,0
NY,2006,2,14,0
NY,2007,1,4,0
NY,2007,2,5,0
NY,2008,1,11,0
NY,2008,2,12,0
NY,2009,1,7,0
NY,2009,2,7,0
NY,2010,1,15,0
NY,2010,2,15,0
NY,2011,1,13,0
NY,2011,2,25,0
NY,2012,1,16,0
NY,2012,2,5,0
NY,2013,1,17,0
NY,2013,2,10,0
NY,2014,1,80,0
NY,2014,2,40,0
NY,2015,1,74,0
NY,2015,2,244,0
NY,2016,1,399,0
NY,2016,2,527,0
NY,2017,1,1009,2
NY,2017,2,914,2
NY,2018,1,1168,9
NY,2018,2,1061,1
NY,2019,1,1355,11
NY,2019,2,1333,0
NY,2020,1,1700,1
NY,2020,2,2148,0
NY,2021,1,2664,0
NY,2021,2,2297,0
NY,2022,1,2947,1
NY,2022,2,2469,0
OH,1998,1,0,0
OH,1998,2,0,0
OH,1999,1,0,0
OH,1999,2,0,0
OH,2000,1,1,0
OH,2000,2,0,0
OH,2001,1,0,0
OH,2001,2,1,0
OH,2002,1,7,0
OH,2002,2,3,0
OH,2003,1,9,0
OH,2003,2,18,0
OH,2004,1,12,0
OH,2004,2,15,0
OH,2005,1,22,0
OH,2005,2,23,0
OH,2006,1,37,0
OH,2006,2,65,0
OH,2007,1,39,0
OH,2007,2,31,0
OH,2008,1,19,0
OH,2008,2,24,0
OH,2009,1,18,0
OH,2009,2,27,0
OH,2010,1,28,0
OH,2010,2,28,0
OH,2011,1,19,0
OH,2011,2,33,0
OH,2012,1,18,0
OH,2012,2,24,0
OH,2013,1,29,0
OH,2013,2,82,0
OH,2014,1,517,0
OH,2014,2,861,0
OH,2015,1,1687,0
OH,2015,2,2695,0
OH,2016,1,4654,0
OH,2016,2,7227,1019
OH,2017,1,11675,2182
OH,2017,2,10606,2367
OH,2018,1,10500,476
OH,2018,2,11720,53
OH,2019,1,12832,798
OH,2019,2,12933,1920
OH,2020,1,11462,1015
OH,2020,2,13683,69
OH,2021,1,15666,19
OH,2021,2,15016,9
OH,2022,1,14206,13
OH,2022,2,12994,5
OK,1998,1,0,0
OK,1998,2,0,0
OK,1999,1,0,0
OK,1999,2,0,0
OK,2000,1,0,0
OK,2000,2,0,0
OK,2001,1,0,0
OK,2001,2,0,0
OK,2002,1,0,0
OK,2002,2,0,0
OK,2003,1,0,0
OK,2003,2,0,0
OK,2004,1,1,0
OK,2004,2,4,0
OK,2005,1,1,0
OK,2005,2,2,0
OK,2006,1,4,0
OK,2006,2,4,0
OK,2007,1,1,0
OK,2007,2,4,0
OK,2008,1,2,0
OK,2008,2,1,0
OK,2009,1,7,0
OK,2009,2,3,0
OK,2010,1,5,0
OK,2010,2,2,0
OK,2011,1,8,0
OK,2011,2,3,0
OK,2012,1,5,0
OK,2012,2,19,0
OK,2013,1,7,0
OK,2013,2,11,0
OK,2014,1,5,0
OK,2014,2,10,0
OK,2015,1,16,0
OK,2015,2,11,0
OK,2016,1,12,0
OK,2016,2,23,0
OK,2017,1,39,0
OK,2017,2,34,2
OK,2018,1,38,0
OK,2018,2,34,0
OK,2019,1,74,0
OK,2019,2,46,0
OK,2020,1,73,0
OK,2020,2,120,0
OK,2021,1,257,0
OK,2021,2,466,0
OK,2022,1,858,0
OK,2022,2,1269,0
OR,1998,1,0,0
OR,1998,2,0,0
OR,1999,1,0,0
OR,1999,2,0,0
OR,2000,1,0,0
OR,2000,2,0,0
OR,2001,1,0,0
OR,2001,2,1,0
OR,2002,1,0,0
OR,2002,2,0,0
OR,2003,1,3,0
OR,2003,2,1,0
OR,2004,1,1,0
OR,2004,2,1,0
OR,2005,1,0,0
OR,2005,2,1,0
OR,2006,1,0,0
OR,2006,2,1,0
OR,2007,1,2,0
OR,2007,2,2,0
OR,2008,1,6,0
OR,2008,2,1,0
OR,2009,1,0,0
OR,2009,2,12,0
OR,2010,1,2,0
OR,2010,2,7,0
OR,2011,1,2,0
OR,2011,2,4,0
OR,2012,1,5,0
OR,2012,2,0,0
OR,2013,1,3,0
OR,2013,2,5,0
OR,2014,1,5,0
OR,2014,2,9,0
OR,2015,1,20,0
OR,2015,2,16,0
OR,2016,1,14,0
OR,2016,2,41,4
OR,2017,1,66,0
OR,2017,2,72,4
OR,2018,1,81,1
OR,2018,2,127,5
OR,2019,1,117,0
OR,2019,2,116,0
OR,2020,1,144,0
OR,2020,2,276,0
OR,2021,1,321,1
OR,2021,2,434,0
OR,2022,1,790,0
OR,2022,2,642,0
PA,1998,1,0,0
PA,1998,2,0,0
PA,1999,1,0,0
PA,1999,2,0,0
PA,2000,1,2,0
PA,2000,2,0,0
PA,2001,1,0,0
PA,2001,2,0,0
PA,2002,1,1,0
PA,2002,2,2,0
PA,2003,1,1,0
PA,2003,2,5,0
PA,2004,1,5,0
PA,2004,2,4,0
PA,2005,1,3,0
PA,2005,2,6,0
PA,2006,1,146,0
PA,2006,2,578,0
PA,2007,1,310,0
PA,2007,2,49,0
PA,2008,1,52,0
PA,2008,2,40,0
PA,2009,1,40,0
PA,2009,2,30,0
PA,2010,1,36,0
PA,2010,2,21,0
PA,2011,1,27,0
PA,2011,2,23,0
PA,2012,1,27,0
PA,2012,2,23,0
PA,2013,1,42,0
PA,2013,2,44,0
PA,2014,1,267,0
PA,2014,2,173,0
PA,2015,1,537,0
PA,2015,2,767,0
PA,2016,1,1283,0
PA,2016,2,2618,14
PA,2017,1,5174,53
PA,2017,2,5268,127
PA,2018,1,6224,31
PA,2018,2,6955,6
PA,2019,1,8957,10
PA,2019,2,5466,55
PA,2020,1,4383,17
PA,2020,2,6324,4
PA,2021,1,11082,1
PA,2021,2,9627,1
PA,2022,1,8861,3
PA,2022,2,7831,0
PR,1998,1,0,0
PR,1998,2,0,0
PR,1999,1,0,0
PR,1999,2,0,0
PR,2000,1,0,0
PR,2000,2,0,0
PR,2001,1,0,0
PR,2001,2,0,0
PR,2002,1,0,0
PR,2002,2,0,0
PR,2003,1,0,0
PR,2003,2,0,0
PR,2004,1,0,0
PR,2004,2,0,0
PR,2005,1,0,0
PR,2005,2,0,0
PR,2006,1,0,0
PR,2006,2,5,0
PR,2007,1,16,0
PR,2007,2,0,0
PR,2008,1,0,0
PR,2008,2,0,0
PR,2009,1,0,0
PR,2009,2,0,0
PR,2010,1,0,0
PR,2010,2,0,0
PR,2011,1,0,0
PR,2011,2,0,0
PR,2012,1,0,0
PR,2012,2,0,0
PR,2013,1,0,0
PR,2013,2,0,0
PR,2014,1,0,0
PR,2014,2,0,0
PR,2015,1,1,0
PR,2015,2,0,0
PR,2016,1,5,0
PR,2016,2,7,0
PR,2017,1,18,0
PR,2017,2,21,0
PR,2018,1,58,0
PR,2018,2,34,0
PR,2019,1,45,0
PR,2019,2,53,0
PR,2020,1,19,0
PR,2020,2,21,0
PR,2021,1,34,0
PR,2021,2,37,0
PR,2022,1,28,0
PR,2022,2,42,0
RI,1998,1,0,0
RI,1998,2,0,0
RI,1999,1,0,0
RI,1999,2,0,0
RI,2000,1,0,0
RI,2000,2,0,0
RI,2001,1,0,0
RI,2001,2,0,0
RI,2002,1,0,0
RI,2002,2,0,0
RI,2003,1,0,0
RI,2003,2,0,0
RI,2004,1,0,0
RI,2004,2,0,0
RI,2005,1,0,0
RI,2005,2,0,0
RI,2006,1,0,0
RI,2006,2,9,0
RI,2007,1,0,0
RI,2007,2,0,0
RI,2008,1,0,0
RI,2008,2,0,0
RI,2009,1,0,0
RI,2009,2,0,0
RI,2010,1,0,0
RI,2010,2,0,0
RI,2011,1,0,0
RI,2011,2,0,0
RI,2012,1,0,0
RI,2012,2,0,0
RI,2013,1,0,0
RI,2013,2,0,0
RI,2014,1,14,0
RI,2014,2,29,0
RI,2015,1,94,0
RI,2015,2,91,0
RI,2016,1,173,0
RI,2016,2,319,0
RI,2017,1,300,1
RI,2017,2,399,3
RI,2018,1,456,2
RI,2018,2,423,5
RI,2019,1,446,13
RI,2019,2,439,23
RI,2020,1,285,12
RI,2020,2,368,3
RI,2021,1,713,5
RI,2021,2,529,4
RI,2022,1,669,1
RI,2022,2,527,0
SC,1998,1,0,0
SC,1998,2,0,0
SC,1999,1,0,0
SC,1999,2,0,0
SC,2000,1,0,0
SC,2000,2,0,0
SC,2001,1,0,0
SC,2001,2,0,0
SC,2002,1,1,0
SC,2002,2,1,0
SC,2003,1,0,0
SC,2003,2,0,0
SC,2004,1,0,0
SC,2004,2,1,0
SC,2005,1,0,0
SC,2005,2,0,0
SC,2006,1,0,0
SC,2006,2,0,0
SC,2007,1,4,0
SC,2007,2,2,0
SC,2008,1,2,0
SC,2008,2,0,0
SC,2009,1,5,0
SC,2009,2,2,0
SC,2010,1,0,0
SC,2010,2,0,0
SC,2011,1,0,0
SC,2011,2,0,0
SC,2012,1,0,0
SC,2012,2,2,0
SC,2013,1,10,0
SC,2013,2,3,0
SC,2014,1,3,0
SC,2014,2,26,0
SC,2015,1,74,0
SC,2015,2,89,0
SC,2016,1,122,0
SC,2016,2,150,2
SC,2017,1,323,10
SC,2017,2,606,11
SC,2018,1,834,1
SC,2018,2,861,0
SC,2019,1,952,0
SC,2019,2,989,2
SC,2020,1,625,1
SC,2020,2,1394,2
SC,2021,1,1457,1
SC,2021,2,1522,1
SC,2022,1,942,0
SC,2022,2,1053,0
SD,1998,1,0,0
SD,1998,2,0,0
SD,1999,1,0,0
SD,1999,2,0,0
SD,2000,1,0,0
SD,2000,2,0,0
SD,2001,1,0,0
SD,2001,2,0,0
SD,2002,1,0,0
SD,2002,2,0,0
SD,2003,1,0,0
SD,2003,2,0,0
SD,2004,1,0,0
SD,2004,2,0,0
SD,2005,1,1,0
SD,2005,2,0,0
SD,2006,1,0,0
SD,2006,2,0,0
SD,2007,1,0,0
SD,2007,2,0,0
SD,2008,1,0,0
SD,2008,2,0,0
SD,2009,1,0,0
SD,2009,2,0,0
SD,2010,1,2,0
SD,2010,2,0,0
SD,2011,1,0,0
SD,2011,2,0,0
SD,2012,1,1,0
SD,2012,2,0,0
SD,2013,1,0,0
SD,2013,2,1,0
SD,2014,1,1,0
SD,2014,2,1,0
SD,2015,1,0,0
SD,2015,2,0,0
SD,2016,1,1,0
SD,2016,2,0,0
SD,2017,1,4,1
SD,2017,2,6,0
SD,2018,1,4,1
SD,2018,2,1,0
SD,2019,1,3,0
SD,2019,2,4,0
SD,2020,1,3,0
SD,2020,2,3,0
SD,2021,1,10,0
SD,2021,2,21,0
SD,2022,1,63,0
SD,2022,2,91,0
TN,1998,1,0,0
TN,1998,2,0,0
TN,1999,1,0,0
TN,1999,2,0,0
TN,2000,1,0,0
TN,2000,2,0,0
TN,2001,1,0,0
TN,2001,2,0,0
TN,2002,1,0,0
TN,2002,2,0,0
TN,2003,1,0,0
TN,2003,2,0,0
TN,2004,1,0,0
TN,2004,2,1,0
TN,2005,1,2,0
TN,2005,2,14,0
TN,2006,1,9,0
TN,2006,2,3,0
TN,2007,1,8,0
TN,2007,2,18,0
TN,2008,1,6,0
TN,2008,2,4,0
TN,2009,1,7,0
TN,2009,2,10,0
TN,2010,1,6,0
TN,2010,2,2,0
TN,2011,1,15,0
TN,2011,2,13,0
TN,2012,1,10,0
TN,2012,2,8,0
TN,2013,1,6,0
TN,2013,2,8,0
TN,2014,1,16,0
TN,2014,2,24,0
TN,2015,1,60,0
TN,2015,2,83,0
TN,2016,1,173,0
TN,2016,2,235,7
TN,2017,1,354,17
TN,2017,2,454,7
TN,2018,1,669,5
TN,2018,2,720,0
TN,2019,1,1093,5
TN,2019,2,1394,28
TN,2020,1,2104,11
TN,2020,2,2762,6
TN,2021,1,4333,3
TN,2021,2,3965,1
TN,2022,1,4380,0
TN,2022,2,3437,1
TX,1998,1,0,0
TX,1998,2,0,0
TX,1999,1,0,0
TX,1999,2,3,0
TX,2000,1,1,0
TX,2000,2,0,0
TX,2001,1,2,0
TX,2001,2,6,0
TX,2002,1,4,0
TX,2002,2,2,0
TX,2003,1,1,0
TX,2003,2,2,0
TX,2004,1,6,0
TX,2004,2,8,0
TX,2005,1,3,0
TX,2005,2,5,0
TX,2006,1,12,0
TX,2006,2,11,0
TX,2007,1,14,0
TX,2007,2,3,0
TX,2008,1,10,0
TX,2008,2,53,0
TX,2009,1,8,0
TX,2009,2,7,0
TX,2010,1,5,0
TX,2010,2,7,0
TX,2011,1,16,0
TX,2011,2,11,0
TX,2012,1,17,0
TX,2012,2,4,0
TX,2013,1,5,0
TX,2013,2,11,0
TX,2014,1,18,0
TX,2014,2,16,0
TX,2015,1,35,0
TX,2015,2,34,0
TX,2016,1,85,1
TX,2016,2,164,0
TX,2017,1,202,3
TX,2017,2,187,8
TX,2018,1,192,2
TX,2018,2,194,12
TX,2019,1,192,2
TX,2019,2,330,38
TX,2020,1,422,16
TX,2020,2,670,16
TX,2021,1,1217,8
TX,2021,2,1366,24
TX,2022,1,1875,12
TX,2022,2,1954,3
UT,1998,1,0,0
UT,1998,2,0,0
UT,1999,1,0,0
UT,1999,2,0,0
UT,2000,1,0,0
UT,2000,2,0,0
UT,2001,1,0,0
UT,2001,2,0,0
UT,2002,1,0,0
UT,2002,2,0,0
UT,2003,1,0,0
UT,2003,2,15,0
UT,2004,1,2,0
UT,2004,2,2,0
UT,2005,1,4,0
UT,2005,2,0,0
UT,2006,1,2,0
UT,2006,2,1,0
UT,2007,1,2,0
UT,2007,2,4,0
UT,2008,1,0,0
UT,2008,2,0,0
UT,2009,1,8,0
UT,2009,2,12,0
UT,2010,1,20,0
UT,2010,2,0,0
UT,2011,1,3,0
UT,2011,2,9,0
UT,2012,1,0,0
UT,2012,2,9,0
UT,2013,1,17,0
UT,2013,2,2,0
UT,2014,1,12,0
UT,2014,2,2,0
UT,2015,1,15,0
UT,2015,2,5,0
UT,2016,1,7,0
UT,2016,2,43,0
UT,2017,1,14,0
UT,2017,2,10,0
UT,2018,1,16,1
UT,2018,2,32,2
UT,2019,1,28,1
UT,2019,2,44,0
UT,2020,1,22,0
UT,2020,2,32,0
UT,2021,1,90,0
UT,2021,2,97,0
UT,2022,1,165,0
UT,2022,2,233,0
VA,1998,1,0,0
VA,1998,2,0,0
VA,1999,1,0,0
VA,1999,2,0,0
VA,2000,1,6,0
VA,2000,2,5,0
VA,2001,1,3,0
VA,2001,2,3,0
VA,2002,1,2,0
VA,2002,2,8,0
VA,2003,1,19,0
VA,2003,2,8,0
VA,2004,1,24,0
VA,2004,2,21,0
VA,2005,1,9,0
VA,2005,2,16,0
VA,2006,1,20,0
VA,2006,2,20,0
VA,2007,1,12,0
VA,2007,2,12,0
VA,2008,1,26,0
VA,2008,2,26,0
VA,2009,1,13,0
VA,2009,2,16,0
VA,2010,1,21,0
VA,2010,2,21,0
VA,2011,1,35,0
VA,2011,2,16,0
VA,2012,1,20,0
VA,2012,2,23,0
VA,2013,1,33,0
VA,2013,2,105,0
VA,2014,1,145,0
VA,2014,2,88,0
VA,2015,1,281,0
VA,2015,2,342,0
VA,2016,1,788,0
VA,2016,2,1008,2
VA,2017,1,1665,27
VA,2017,2,1596,46
VA,2018,1,1698,8
VA,2018,2,1601,1
VA,2019,1,1881,4
VA,2019,2,2023,4
VA,2020,1,2720,6
VA,2020,2,3260,3
VA,2021,1,3857,0
VA,2021,2,3684,1
VA,2022,1,4243,1
VA,2022,2,4294,0
VI,1998,1,0,0
VI,1998,2,0,0
VI,1999,1,0,0
VI,1999,2,0,0
VI,2000,1,0,0
VI,2000,2,0,0
VI,2001,1,0,0
VI,2001,2,0,0
VI,2002,1,0,0
VI,2002,2,0,0
VI,2003,1,0,0
VI,2003,2,0,0
VI,2004,1,0,0
VI,2004,2,0,0
VI,2005,1,0,0
VI,2005,2,0,0
VI,2006,1,0,0
VI,2006,2,0,0
VI,2007,1,0,0
VI,2007,2,0,0
VI,2008,1,0,0
VI,2008,2,0,0
VI,2009,1,0,0
VI,2009,2,0,0
VI,2010,1,0,0
VI,2010,2,0,0
VI,2011,1,0,0
VI,2011,2,0,0
VI,2012,1,0,0
VI,2012,2,0,0
VI,2013,1,0,0
VI,2013,2,0,0
VI,2014,1,0,0
VI,2014,2,0,0
VI,2015,1,0,0
VI,2015,2,0,0
VI,2016,1,0,0
VI,2016,2,0,0
VI,2017,1,0,0
VI,2017,2,0,0
VI,2018,1,0,0
VI,2018,2,0,0
VI,2019,1,5,0
VI,2019,2,0,0
VI,2020,1,1,0
VI,2020,2,0,0
VI,2021,1,1,0
VI,2021,2,3,0
VI,2022,1,0,0
VI,2022,2,2,0
VT,1998,1,0,0
VT,1998,2,0,0
VT,1999,1,0,0
VT,1999,2,0,0
VT,2000,1,0,0
VT,2000,2,0,0
VT,2001,1,0,0
VT,2001,2,0,0
VT,2002,1,0,0
VT,2002,2,0,0
VT,2003,1,0,0
VT,2003,2,0,0
VT,2004,1,0,0
VT,2004,2,0,0
VT,2005,1,0,0
VT,2005,2,0,0
VT,2006,1,0,0
VT,2006,2,0,0
VT,2007,1,0,0
VT,2007,2,0,0
VT,2008,1,0,0
VT,2008,2,0,0
VT,2009,1,1,0
VT,2009,2,0,0
VT,2010,1,0,0
VT,2010,2,0,0
VT,2011,1,0,0
VT,2011,2,1,0
VT,2012,1,0,0
VT,2012,2,0,0
VT,2013,1,0,0
VT,2013,2,1,0
VT,2014,1,4,0
VT,2014,2,12,0
VT,2015,1,44,0
VT,2015,2,41,0
VT,2016,1,77,0
VT,2016,2,134,0
VT,2017,1,152,0
VT,2017,2,313,0
VT,2018,1,495,0
VT,2018,2,526,0
VT,2019,1,476,0
VT,2019,2,679,0
VT,2020,1,509,0
VT,2020,2,915,0
VT,2021,1,837,0
VT,2021,2,1134,0
VT,2022,1,654,0
VT,2022,2,301,0
WA,1998,1,0,0
WA,1998,2,0,0
WA,1999,1,0,0
WA,1999,2,0,0
WA,2000,1,0,0
WA,2000,2,0,0
WA,2001,1,0,0
WA,2001,2,0,0
WA,2002,1,0,0
WA,2002,2,2,0
WA,2003,1,1,0
WA,2003,2,1,0
WA,2004,1,1,0
WA,2004,2,1,0
WA,2005,1,0,0
WA,2005,2,0,0
WA,2006,1,1,0
WA,2006,2,2,0
WA,2007,1,1,0
WA,2007,2,3,0
WA,2008,1,1,0
WA,2008,2,4,0
WA,2009,1,4,0
WA,2009,2,1,0
WA,2010,1,10,0
WA,2010,2,8,0
WA,2011,1,4,0
WA,2011,2,12,0
WA,2012,1,46,0
WA,2012,2,7,0
WA,2013,1,6,0
WA,2013,2,7,1
WA,2014,1,8,2
WA,2014,2,12,3
WA,2015,1,10,0
WA,2015,2,9,0
WA,2016,1,56,0
WA,2016,2,26,0
WA,2017,1,55,1
WA,2017,2,96,0
WA,2018,1,162,0
WA,2018,2,213,2
WA,2019,1,274,3
WA,2019,2,388,1
WA,2020,1,581,1
WA,2020,2,718,0
WA,2021,1,792,0
WA,2021,2,832,0
WA,2022,1,1332,0
WA,2022,2,1641,0
WI,1998,1,0,0
WI,1998,2,0,0
WI,1999,1,0,0
WI,1999,2,0,0
WI,2000,1,0,0
WI,2000,2,0,0
WI,2001,1,0,0
WI,2001,2,0,0
WI,2002,1,0,0
WI,2002,2,0,0
WI,2003,1,0,0
WI,2003,2,1,0
WI,2004,1,3,0
WI,2004,2,4,0
WI,2005,1,1,0
WI,2005,2,5,0
WI,2006,1,8,0
WI,2006,2,25,0
WI,2007,1,7,0
WI,2007,2,8,0
WI,2008,1,6,0
WI,2008,2,5,0
WI,2009,1,10,0
WI,2009,2,3,0
WI,2010,1,11,0
WI,2010,2,11,0
WI,2011,1,12,0
WI,2011,2,5,0
WI,2012,1,6,0
WI,2012,2,4,0
WI,2013,1,5,0
WI,2013,2,25,0
WI,2014,1,9,0
WI,2014,2,33,0
WI,2015,1,33,0
WI,2015,2,55,0
WI,2016,1,162,0
WI,2016,2,220,2
WI,2017,1,328,15
WI,2017,2,353,4
WI,2018,1,403,1
WI,2018,2,348,6
WI,2019,1,307,0
WI,2019,2,354,0
WI,2020,1,485,0
WI,2020,2,470,0
WI,2021,1,665,0
WI,2021,2,557,0
WI,2022,1,660,2
WI,2022,2,601,0
WV,1998,1,0,0
WV,1998,2,0,0
WV,1999,1,0,0
WV,1999,2,0,0
WV,2000,1,2,0
WV,2000,2,0,0
WV,2001,1,1,0
WV,2001,2,0,0
WV,2002,1,1,0
WV,2002,2,0,0
WV,2003,1,1,0
WV,2003,2,1,0
WV,2004,1,3,0
WV,2004,2,1,0
WV,2005,1,9,0
WV,2005,2,5,0
WV,2006,1,3,0
WV,2006,2,68,0
WV,2007,1,8,0
WV,2007,2,32,0
WV,2008,1,2,0
WV,2008,2,0,0
WV,2009,1,6,0
WV,2009,2,3,0
WV,2010,1,3,0
WV,2010,2,5,0
WV,2011,1,8,0
WV,2011,2,4,0
WV,2012,1,5,0
WV,2012,2,2,0
WV,2013,1,2,0
WV,2013,2,2,0
WV,2014,1,27,0
WV,2014,2,23,0
WV,2015,1,99,0
WV,2015,2,56,0
WV,2016,1,84,0
WV,2016,2,148,1
WV,2017,1,308,9
WV,2017,2,312,10
WV,2018,1,443,13
WV,2018,2,497,1
WV,2019,1,723,16
WV,2019,2,747,28
WV,2020,1,739,26
WV,2020,2,1058,0
WV,2021,1,1830,0
WV,2021,2,1617,0
WV,2022,1,1627,0
WV,2022,2,1566,0
WY,1998,1,0,0
WY,1998,2,0,0
WY,1999,1,0,0
WY,1999,2,0,0
WY,2000,1,0,0
WY,2000,2,0,0
WY,2001,1,0,0
WY,2001,2,0,0
WY,2002,1,0,0
WY,2002,2,0,0
WY,2003,1,0,0
WY,2003,2,0,0
WY,2004,1,0,0
WY,2004,2,0,0
WY,2005,1,1,0
WY,2005,2,0,0
WY,2006,1,0,0
WY,2006,2,0,0
WY,2007,1,0,0
WY,2007,2,0,0
WY,2008,1,2,0
WY,2008,2,0,0
WY,2009,1,0,0
WY,2009,2,0,0
WY,2010,1,1,0
WY,2010,2,2,0
WY,2011,1,3,0
WY,2011,2,1,0
WY,2012,1,0,0
WY,2012,2,1,0
WY,2013,1,1,0
WY,2013,2,6,0
WY,2014,1,2,0
WY,2014,2,3,0
WY,2015,1,0,0
WY,2015,2,1,0
WY,2016,1,4,0
WY,2016,2,6,0
WY,2017,1,8,0
WY,2017,2,0,0
WY,2018,1,3,0
WY,2018,2,26,0
WY,2019,1,19,0
WY,2019,2,8,0
WY,2020,1,17,0
WY,2020,2,26,0
WY,2021,1,136,0
WY,2021,2,80,0
WY,2022,1,190,0
WY,2022,2,261,0
XX,1998,1,0,0
XX,1998,2,0,0
XX,1999,1,0,0
XX,1999,2,0,0
XX,2000,1,0,0
XX,2000,2,0,0
XX,2001,1,0,0
XX,2001,2,0,0
XX,2002,1,0,0
XX,2002,2,0,0
XX,2003,1,0,0
XX,2003,2,0,0
XX,2004,1,0,0
XX,2004,2,0,0
XX,2005,1,0,0
XX,2005,2,0,0
XX,2006,1,0,0
XX,2006,2,0,0
XX,2007,1,0,0
XX,2007,2,0,0
XX,2008,1,0,0
XX,2008,2,0,0
XX,2009,1,0,0
XX,2009,2,0,0
XX,2010,1,0,0
XX,2010,2,0,0
XX,2011,1,0,0
XX,2011,2,0,0
XX,2012,1,0,0
XX,2012,2,0,0
XX,2013,1,0,0
XX,2013,2,0,0
XX,2014,1,0,0
XX,2014,2,0,0
XX,2015,1,0,0
XX,2015,2,0,0
XX,2016,1,0,0
XX,2016,2,0,0
XX,2017,1,1,0
XX,2017,2,0,0
XX,2018,1,0,0
XX,2018,2,0,0
XX,2019,1,0,0
XX,2019,2,1,0
XX,2020,1,0,0
XX,2020,2,0,0
XX,2021,1,0,0
XX,2021,2,0,0
XX,2022,1,0,0
XX,2022,2,0,0
